keyword,candidate,source,active_days,first_date,last_date,total_count,issue_name,issue_type,span_days
SI3_JWO_daum_article_f2b71251ca34,JWO,daum_article,78,2026-01-01,2026-05-31,591.1359774398287,이인영 정원오캠프 상임선대위원장 기자간담회,unknown,151
SI3_OSH_daum_article_40b46792d401,OSH,daum_article,109,2026-01-01,2026-05-31,552.927939057731,야구장 찾은 오세훈 후보,unknown,151
SI3_JWO_daum_blog_cafe_74432c0e832d,JWO,daum_blog_cafe,97,2026-01-01,2026-05-31,126.44393607565499,카페_가입하기·마포부동산개발·가입하기_카페,noise_or_nonissue,151
SI3_JWO_daum_blog_cafe_e97a886c314f,JWO,daum_blog_cafe,89,2026-01-02,2026-05-31,108.46658190518309,서울시장 막판 쟁점 떠오른 '아기씨당(굿당)' 의혹 뭐길래?,unknown,150
SI3_OSH_daum_blog_cafe_f364b138f753,OSH,daum_blog_cafe,72,2026-01-02,2026-05-31,94.97875782416098,게시글·다음글_답글·답글_수정,community_reaction,150
SI3_JWO_naver_article_62af29bf8128,JWO,naver_article,8,2026-05-21,2026-05-31,88.95309895835122,지지 호소하는 정원오 서울시장 후보,unknown,11
SI3_OSH_naver_article_03528124dc56,OSH,naver_article,7,2026-05-03,2026-05-13,88.58420438406569,사진·현장 노출 이벤트,media_photo_event,11
SI3_JWO_naver_article_5df09601b4bf,JWO,naver_article,8,2026-03-31,2026-05-18,78.9491213843291,"[포토] 정원오""감사의정원 지금 위치 적당하지 않다""",unknown,49
SI3_JWO_daum_blog_cafe_67c927c7cf92,JWO,daum_blog_cafe,73,2026-01-01,2026-05-31,73.11200111278372,달바다연·카카오_계정·카카오,noise_or_nonissue,151
SI3_JWO_daum_blog_cafe_a0774669f2e8,JWO,daum_blog_cafe,79,2026-01-01,2026-05-31,66.32327109985866,성동구청장·불편·게시글,administrative_performance,151
SI3_OSH_daum_blog_cafe_3f365776a312,OSH,daum_blog_cafe,52,2026-03-09,2026-05-31,64.9260151319598,daum·카카오·가입하기,noise_or_nonissue,84
SI3_OSH_daum_blog_cafe_5cca191fb51d,OSH,daum_blog_cafe,75,2026-01-02,2026-05-31,59.494968883262665,게시글_목록_이전글·카페_게시글_목록·기능_더보기,community_reaction,150
SI3_JWO_daum_blog_cafe_c5e912625244,JWO,daum_blog_cafe,62,2026-01-01,2026-05-31,54.939860671451335,게시글·댓글·북마크_번역하기,community_reaction,151
SI3_JWO_daum_article_671c716bd786,JWO,daum_article,12,2026-05-03,2026-05-28,52.136288803985664,서울 0·부산 1·대구 2%P差 ‘초초박빙’,unknown,26
SI3_JWO_naver_article_c79042e1461f,JWO,naver_article,5,2026-05-18,2026-05-23,49.06497649602733,서울기념식·주년·주년_서울기념식,symbolic_event,6
SI3_JWO_naver_article_89366d0d49e4,JWO,naver_article,3,2026-05-11,2026-05-20,45.75453293849647,"막오른 6·3 선거운동 …정청래는'서울', 장동혁은'대전'行",unknown,10
SI3_OSH_daum_article_3a93b2ed6123,OSH,daum_article,23,2026-01-01,2026-05-26,45.69695346708308,최진석·photo_newsis·제공_photo,candidate_selection,146
SI3_JWO_naver_article_d23095601092,JWO,naver_article,5,2026-05-18,2026-05-23,44.69879099169653,서울기념식·주년·민주화운동_주년,symbolic_event,6
SI3_JWO_naver_article_b38b0a021b52,JWO,naver_article,8,2026-05-03,2026-05-28,44.44021194476916,서울 0·부산 1·대구 2%P差 ‘초초박빙’,unknown,26
SI3_OSH_daum_article_e17abe6a8c21,OSH,daum_article,47,2026-01-02,2026-05-28,43.60886487942165,"오세훈 서울시장 후보, '구의역 김군' 추모",unknown,147
SI3_JWO_naver_article_9ad94fe7eb34,JWO,naver_article,10,2026-05-06,2026-05-16,43.20632399428334,정원오 “보수 품격 배우라” 오세훈 “선거 품격은 토론” 설전,unknown,11
SI3_OSH_naver_article_31ee2a400fb2,OSH,naver_article,9,2026-03-04,2026-04-22,42.46333271479915,"오세훈 서울시장, 여론조사비 대납 의혹 재판 출석",unknown,50
SI3_JWO_daum_article_b5dea4f7e17e,JWO,daum_article,5,2026-04-27,2026-05-29,42.151588074572814,[포토] 정원오 후보 부부 사전투표,unknown,33
SI3_JWO_daum_article_374659eaa1bb,JWO,daum_article,6,2026-05-11,2026-05-21,41.53727047365498,공천자대회·중소기업중앙회·kbiz,candidate_selection,11
SI3_OSH_naver_article_4c54d9a5348a,OSH,naver_article,4,2026-03-09,2026-03-24,41.20619710783685,광화문광장서 열릴 BTS 컴백 라이브공연'아리랑'에 투입될 경찰력 규모...,unknown,16
SI3_JWO_daum_article_69b551ea4ec2,JWO,daum_article,6,2026-05-11,2026-05-21,40.87060380698831,"6·3 지선 공식 선거운동 시작…與野, 수도권·충청 표심 쟁탈전",unknown,11
SI3_OSH_daum_article_d0f4feedd6c9,OSH,daum_article,13,2026-01-19,2026-05-31,39.47956650355228,야구장 찾은 오세훈 후보,unknown,133
SI3_JWO_daum_article_f296e62f4990,JWO,daum_article,9,2026-05-06,2026-05-16,38.577086836725755,사진·현장 노출 이벤트,media_photo_event,11
SI3_JWO_bigkinds_article_0625b6fa6433,JWO,bigkinds_article,9,2026-04-10,2026-05-29,37.43362601834799,지지호소하는 정원오 후보,unknown,50
SI3_JWO_naver_article_742907091a7d,JWO,naver_article,3,2026-05-11,2026-05-20,36.5878662718298,"막오른 6·3 선거운동 …정청래는'서울', 장동혁은'대전'行",unknown,10
SI3_JWO_naver_blog_cafe_36eb16625fcd,JWO,naver_blog_cafe,34,2026-01-25,2026-05-31,35.5,세이상·되어주세요·권리당원,other,127
SI3_JWO_naver_article_d77a8fed3bb5,JWO,naver_article,3,2026-03-11,2026-04-13,33.94370829258882,성동구청장_여의·선출된_성동구청장_여의·기자회견_하고,administrative_performance,34
SI3_JWO_daum_article_e5281032ed95,JWO,daum_article,4,2026-05-18,2026-05-23,33.18285669600649,서울기념식·주년·민주화운동,symbolic_event,6
SI3_OSH_naver_article_54fcc11fb2ba,OSH,naver_article,9,2026-03-04,2026-04-22,32.952900479246786,서울시장 여론조사·본선 판세,race_polling,50
SI3_JWO_daum_blog_cafe_4e5fe039b537,JWO,daum_blog_cafe,54,2026-01-06,2026-05-31,32.89998934086983,daum·가입하기·카카오,noise_or_nonissue,146
SI3_JWO_daum_article_53e372b3b929,JWO,daum_article,6,2026-01-12,2026-05-15,32.12908846820972,황광모_확정된·카톡·okjebo,administrative_performance,124
SI3_OSH_naver_article_bc56e3550cfd,OSH,naver_article,22,2026-01-01,2026-05-26,31.676118211426427,사고현장 찾은 오세훈 후보,unknown,146
SI3_OSH_daum_article_985ef002e48d,OSH,daum_article,4,2026-03-17,2026-03-23,30.935665223999216,"서울시, 중동발 고유가 대응 총력…물류·물가·교통 전방위 대책",unknown,7
SI3_OSH_daum_article_7874c04e6e65,OSH,daum_article,11,2026-01-02,2026-05-30,30.47399043212189,지지호소하는 오세훈,unknown,149
SI3_OSH_naver_article_b179d4c4759a,OSH,naver_article,7,2026-05-03,2026-05-28,30.015424456788928,서울 0·부산 1·대구 2%P差 ‘초초박빙’,unknown,26
SI3_OSH_daum_article_a40b3f6cfba9,OSH,daum_article,6,2026-03-04,2026-04-22,29.711241153306933,사진·현장 스케치 노출,media_photo_event,50
SI3_OSH_daum_article_78c7a0ff9f25,OSH,daum_article,11,2026-03-04,2026-04-22,29.119768587454676,"'여론조사비 대납 의혹' 오세훈, 지선 이후 선고 예정",unknown,50
SI3_OSH_naver_blog_cafe_b57c980fb7bc,OSH,naver_blog_cafe,35,2026-01-01,2026-05-27,28.948857863426657,"디지털타임스] 오세훈캠프 김근식, 부산행 예고… “한동훈 자원봉사자 독자 쉼터가 유사사무소? 오버다”",unknown,147
SI3_OSH_naver_article_e3130c5dd9e0,OSH,naver_article,6,2026-04-22,2026-05-02,28.88290890695211,기념행사·주년_기념행사·서울시사회복지사협회_창립,administrative_performance,11
SI3_OSH_naver_article_de46e3a814ef,OSH,naver_article,4,2026-05-12,2026-05-20,28.5576500114166,사진·현장 노출 이벤트,media_photo_event,9
SI3_OSH_daum_article_5b5334b61b6c,OSH,daum_article,8,2026-01-01,2026-05-28,28.23827282034019,yatoya·yna·김인철,other,148
SI3_JWO_daum_blog_cafe_120e070fc6b5,JWO,daum_blog_cafe,42,2026-02-01,2026-05-31,28.00607905721061,명픽·게시글·생활,community_reaction,120
SI3_OSH_naver_article_f476c7212a2c,OSH,naver_article,4,2026-05-14,2026-05-19,27.778814901005564,오세훈 ‘강남북 균형발전’ 공약 발표…문화시설 집중조성,unknown,6
SI3_OSH_bigkinds_article_467b12877aea,OSH,bigkinds_article,10,2026-03-23,2026-04-28,27.453100928397976,박수민_윤희숙·윤희숙_경선·박수민,candidate_selection,37
SI3_OSH_naver_article_90618c8b7486,OSH,naver_article,6,2026-05-03,2026-05-14,27.451042063268943,"서울시장 선거, 오차범위 내 접전…정원오 44.9% 오세훈 39.8% [KSOI]",unknown,12
SI3_OSH_daum_article_335ad3320247,OSH,daum_article,12,2026-01-07,2026-05-28,27.139496766031257,서울특별시장선거 후보자토론회,unknown,142
SI3_JWO_youtube_f6b65af0b256,JWO,youtube,52,2026-01-07,2026-05-31,26.924196240746593,"정원오 유세 중 구청장 후보,충격 행동 발칵 (2026.5.31)",unknown,145
SI3_JWO_daum_blog_cafe_1d9f3d0563eb,JWO,daum_blog_cafe,38,2026-01-07,2026-05-30,26.821457244796605,soccer·카페_가입하기·카카오_계정,noise_or_nonissue,144
SI3_OSH_naver_article_43134530ac25,OSH,naver_article,4,2026-05-06,2026-05-14,26.56846986259856,사진·현장 노출 이벤트,media_photo_event,9
SI3_OSH_daum_article_913d8f07442f,OSH,daum_article,11,2026-01-22,2026-05-29,26.477649022592697,제보·카톡·okjebo,administrative_performance,128
SI3_OSH_youtube_f73ba4e8bd10,OSH,youtube,49,2026-01-02,2026-05-31,26.462098120373295,콘텐츠·에서_마음_드는·직접_만든_콘텐츠,administrative_performance,150
SI3_JWO_daum_article_7b8e68fafb1b,JWO,daum_article,24,2026-03-09,2026-05-26,26.441064207817355,"""글로벌 허브 구축하길""…벤처협회, 정원오 후보에 정책제언",unknown,79
SI3_OSH_naver_article_533a24cea7b7,OSH,naver_article,7,2026-02-02,2026-02-20,26.397715726853313,"[신율 칼럼] 제명된 한동훈, 업그레이드돼 돌아올까?",unknown,19
SI3_OSH_daum_article_a46533f59ac9,OSH,daum_article,6,2026-05-03,2026-05-10,26.305387181673503,사진·현장 노출 이벤트,media_photo_event,8
SI3_OSH_naver_article_74686e5e2664,OSH,naver_article,4,2026-05-06,2026-05-14,26.221896272318588,서울시장 여론조사·본선 판세,race_polling,9
SI3_JWO_daum_article_2abd5fd04074,JWO,daum_article,5,2026-05-18,2026-05-31,25.84440858242223,"지방선거 D-3, 여야 고소고발전도 격화…격전지 곳곳서 ""법적 조치""",unknown,14
SI3_OSH_naver_article_776ece4be089,OSH,naver_article,5,2026-04-10,2026-04-19,25.73104906018665,막 오른 서울시장 빅매치… 오세훈'견제론'vs 정원오'원팀론',unknown,10
SI3_OSH_daum_article_823ee990ee3a,OSH,daum_article,9,2026-01-08,2026-05-24,25.67453584533389,둔촌동 유세 나선 오세훈 후보,unknown,137
SI3_JWO_naver_article_e955acb7df49,JWO,naver_article,6,2026-03-11,2026-05-15,25.53017683726543,취재진 질문에 답하는 정원오 후보,unknown,66
SI3_JWO_youtube_56c106904f5e,JWO,youtube,52,2026-01-07,2026-05-31,25.257529574079925,콘텐츠·직접_만든·아니라_세계,other,145
SI3_JWO_daum_article_1ed463832e56,JWO,daum_article,5,2026-03-31,2026-05-15,25.25547791656289,소통관·여의·국회,campaign_strategy,46
SI3_JWO_bigkinds_article_b09abd3f47da,JWO,bigkinds_article,7,2026-03-11,2026-05-26,25.154335855326636,뉴스핌_이건주·newspim·kunjoo_newspim,candidate_selection,77
SI3_OSH_daum_article_6d19450725dc,OSH,daum_article,5,2026-02-09,2026-03-23,25.106199045306454,myjs·최진석·newsis,administrative_performance,43
SI3_OSH_naver_article_8ae5782be020,OSH,naver_article,9,2026-01-08,2026-03-10,24.88006742911351,"서울시, 청년주택 7만4000호 공급한다…전세사기 예방 총력",unknown,62
SI3_OSH_naver_article_9bb72712b740,OSH,naver_article,4,2026-04-13,2026-04-20,24.64595401819852,오세훈 “장특공 폐지는 세금폭탄…민주당의 서울시는 ‘부동산 지옥’”,unknown,8
SI3_JWO_naver_article_1f2d98ed57da,JWO,naver_article,5,2026-02-23,2026-03-10,24.262497247594013,면접·김영배·전현희,other,16
SI3_OSH_naver_article_18e40a50f032,OSH,naver_article,3,2026-03-31,2026-04-13,24.026910022736395,무주택시민_주거안정·무주택시민·서울도시건축전시관_무주택시민,policy_real_estate_tax,14
SI3_OSH_youtube_a2b70684e280,OSH,youtube,46,2026-01-02,2026-05-31,23.79543145370663,콘텐츠·에서_마음·마음_드는,policy_real_estate_tax,150
SI3_JWO_naver_blog_cafe_c8dcb6b3c7c9,JWO,naver_blog_cafe,32,2026-01-01,2026-04-20,23.660955983799955,필독·됩니다·미준수시_삭제나,community_reaction,110
SI3_OSH_daum_article_06fd6cecc887,OSH,daum_article,3,2026-05-14,2026-05-20,23.182396830442865,대국민·호소·대국민_호소,candidate_selection,7
SI3_OSH_naver_blog_cafe_0a7924ce0463,OSH,naver_blog_cafe,35,2026-01-01,2026-05-29,23.166666666666664,🔥오세훈 공보물에 사교육비..,unknown,149
SI3_JWO_naver_article_487e294d65be,JWO,naver_article,3,2026-03-10,2026-05-15,23.097179919330998,공약 발표 기자회견 하는 정원오 후보,unknown,67
SI3_JWO_daum_article_0f6e1efc3331,JWO,daum_article,6,2026-05-07,2026-05-31,22.96369568262232,서울시장 선거 관련 기자간담회 연 이인영,unknown,25
SI3_OSH_daum_article_3ededbda8f0b,OSH,daum_article,3,2026-05-03,2026-05-16,22.1895610235577,[주간政談<상>] 정원오 폭행 논란 진실 공방…요동치는 서울,unknown,14
SI3_OSH_naver_article_b6fbf4f554e2,OSH,naver_article,3,2026-03-30,2026-04-27,22.081727220571278,"서울시, 시니어주택 1만2000가구 공급 … 오세훈,""여가·건강관리 결합...",unknown,29
SI3_OSH_daum_article_4f916a8483e9,OSH,daum_article,3,2026-03-11,2026-03-30,21.926015131959808,사장·김태균·서울교통공사,administrative_performance,20
SI3_OSH_naver_article_f2ec03bb9d5b,OSH,naver_article,9,2026-03-04,2026-04-22,21.85528768955772,[포토]'정치자금법'재판 출석하는 오세훈,unknown,50
SI3_OSH_naver_article_b3a3f33ffd5d,OSH,naver_article,4,2026-04-10,2026-04-19,21.73104906018665,오세훈 10년 무능 심판 메시지,campaign_strategy,10
SI3_OSH_daum_article_99aa8ea8e4ea,OSH,daum_article,9,2026-04-22,2026-05-02,21.68698757910002,"오세훈 “‘이재명-정원오’ 조합, 부동산 지옥 초래할 것”",unknown,11
SI3_OSH_naver_article_7fd62e801d41,OSH,naver_article,7,2026-05-21,2026-05-31,21.54381679965191,지지 호소하는 오세훈 후보,unknown,11
SI3_OSH_naver_article_fde6ebe997fb,OSH,naver_article,19,2026-01-01,2026-05-26,21.216029993559136,사고현장 찾은 오세훈 후보,unknown,146
SI3_OSH_bigkinds_article_71a5c4203b87,OSH,bigkinds_article,8,2026-03-17,2026-05-19,21.166666666666664,아현_구역·아현·구역,administrative_performance,64
SI3_OSH_daum_article_387ceafbb5a7,OSH,daum_article,9,2026-04-22,2026-05-02,21.12047510258134,"오세훈 “‘이재명-정원오’ 조합, 부동산 지옥 초래할 것”",unknown,11
SI3_OSH_naver_article_15d3b90764d8,OSH,naver_article,5,2026-03-23,2026-04-05,21.117018376994444,"서울시, ‘중동발 에너지 위기’에 광화문 전광판 운영시간 단축",unknown,14
SI3_OSH_naver_article_777e4eedd6cf,OSH,naver_article,19,2026-01-06,2026-04-22,21.00081422722229,[포토] 서울시사회복지사협회 기념식 참석한 오세훈 -정원오,unknown,107
SI3_JWO_daum_article_f496e77f10b3,JWO,daum_article,4,2026-05-19,2026-05-28,20.871450334319114,"정원오 후보, 기자간담회",unknown,10
SI3_OSH_daum_article_a99a04011a18,OSH,daum_article,4,2026-05-06,2026-05-15,20.527188021409973,기념행사·대한노인회·서울시연합회,policy_real_estate_tax,10
SI3_OSH_daum_article_238139b88801,OSH,daum_article,4,2026-05-18,2026-05-23,20.421143039622095,"막 오른 제9회 전국동시지방선거, 공식 선거운동 시작하며 여야 격돌! [데일리안 주간 포토]",unknown,6
SI3_JWO_youtube_f074d558a231,JWO,youtube,44,2026-01-14,2026-05-31,20.02648051389328,"정원오 유세 중 구청장 후보,충격 행동 발칵 (2026.5.31)",unknown,138
SI3_OSH_daum_article_26a939565594,OSH,daum_article,11,2026-03-04,2026-04-22,20.012657624007698,여론조사비 대납 의혹 재판 출석하는 오세훈 서울시장,unknown,50
SI3_JWO_daum_blog_cafe_0812ba0ec20c,JWO,daum_blog_cafe,34,2026-01-01,2026-05-30,19.811866835151314,후보 선출 온라인 반응,community_reaction,150
SI3_JWO_naver_blog_cafe_5e7072e522df,JWO,naver_blog_cafe,27,2026-01-01,2026-04-20,19.660955983799955,필독·됩니다·게시판,community_reaction,110
SI3_JWO_daum_article_01def27471f6,JWO,daum_article,5,2026-04-19,2026-05-10,19.510956920963125,[포토]유기견들 살펴보는 정원오 후보,unknown,22
SI3_JWO_daum_article_91ffed5464fd,JWO,daum_article,3,2026-05-13,2026-05-20,19.157433331068507,발표·소통관·공약,candidate_selection,8
SI3_OSH_daum_article_abb3ab39d5d8,OSH,daum_article,3,2026-02-04,2026-05-15,19.147098192174177,"오세훈 ""이재명 정부 부동산 정책 실패했는데 정원오는 현실 회피""",unknown,101
SI3_OSH_naver_article_d95713d4e17a,OSH,naver_article,5,2026-04-13,2026-04-20,18.78704961657851,오세훈 “장특공 폐지는 세금폭탄…민주당의 서울시는 ‘부동산 지옥’”,unknown,8
SI3_OSH_daum_article_b34f20239a1b,OSH,daum_article,9,2026-02-05,2026-03-08,18.706387437506585,"오세훈, 서울시장 후보자 등록 거부 “당 노선 정상화 우선”",unknown,32
SI3_JWO_daum_article_0ba79f497d95,JWO,daum_article,8,2026-04-03,2026-04-10,18.66524409118466,TV토론·후보 공방,candidate_selection,8
SI3_JWO_naver_blog_cafe_a2ed3f1f76e1,JWO,naver_blog_cafe,44,2026-01-02,2026-05-22,18.56438239351998,2026. 5. 22 (금) 주요뉴스 종합,unknown,141
SI3_OSH_naver_article_f050cac2bb9e,OSH,naver_article,3,2026-03-23,2026-03-31,18.33316063641452,윤희숙_경선·박수민_윤희숙_경선·박수민_윤희숙,candidate_selection,9
SI3_JWO_naver_blog_cafe_859519c13df0,JWO,naver_blog_cafe,44,2026-01-02,2026-05-22,18.23104906018665,제목·자동양식·글은,community_reaction,141
SI3_OSH_daum_blog_cafe_588a16544c4b,OSH,daum_blog_cafe,30,2026-01-08,2026-05-31,18.231049060186646,게시글_본문내용·더보기_게시글·기능_더보기,community_reaction,144
SI3_OSH_naver_article_ecdb138e786b,OSH,naver_article,3,2026-05-06,2026-05-14,18.041079903098677,사진·현장 노출 이벤트,media_photo_event,9
SI3_JWO_daum_article_29f03c2f5325,JWO,daum_article,5,2026-05-07,2026-05-31,17.96369568262232,기자간담회 참석하는 이인영,unknown,25
SI3_OSH_naver_article_306376571940,OSH,naver_article,7,2026-02-05,2026-03-17,17.937436497693234,"경실련""서울 버스, 노선 증가에도 운행거리 감소·서비스 질 저하""",unknown,41
SI3_OSH_bigkinds_article_7c110d53a1cf,OSH,bigkinds_article,7,2026-05-03,2026-05-16,17.833333333333332,서울특별시장기·축구대회·개회식,other,14
SI3_JWO_naver_blog_cafe_6473bb6e28aa,JWO,naver_blog_cafe,21,2026-04-03,2026-05-29,17.6684398655746,스타벅스 탱크데이 파문,unknown,57
SI3_OSH_bigkinds_article_4005b905f786,OSH,bigkinds_article,4,2026-04-01,2026-04-22,17.437436497693234,"'여론조사비 대납 의혹' 오세훈, 지선 이후 선고 예정",unknown,22
SI3_OSH_daum_article_7247ed1deabb,OSH,daum_article,7,2026-05-06,2026-05-17,17.416852271789445,기념식·최진석·어버이날_기념식,candidate_selection,12
SI3_OSH_daum_article_7ce0310979a2,OSH,daum_article,4,2026-04-19,2026-04-29,17.372990660950006,"윤희숙 ""정원오, 착공한 용산국제업무지구 엎겠단 건가""",unknown,11
SI3_OSH_daum_blog_cafe_a9c42813a127,OSH,daum_blog_cafe,33,2026-03-09,2026-05-31,17.34086290741326,계정·카카오_계정·카카오,noise_or_nonissue,84
SI3_OSH_daum_article_75197da4ea25,OSH,daum_article,5,2026-02-10,2026-03-19,17.194014157947553,선수들 기다리는 오세훈 서울시장,unknown,38
SI3_JWO_naver_article_8e1a1ccc06b4,JWO,naver_article,7,2026-03-31,2026-04-10,17.039404426124847,TV토론·후보 공방,candidate_selection,11
SI3_OSH_daum_article_448fd99992b1,OSH,daum_article,3,2026-05-04,2026-05-10,16.93376451321466,"양향자 저격한 조응천 ""추미애 어깨 주무르던 손으로 추미애 이길수 없다""",unknown,7
SI3_OSH_naver_article_56e2740681a7,OSH,naver_article,13,2026-03-04,2026-05-31,16.816128216622843,질문에 답하는 오세훈 후보,unknown,89
SI3_JWO_naver_article_e20b4cec5ea8,JWO,naver_article,3,2026-05-20,2026-05-29,16.78399719642332,"정원오 4050, 오세훈 2030 앞서…與 우세 속 격차 11→8%P [중앙일보 여론조사]",unknown,10
SI3_OSH_naver_article_36c6a3bd7cef,OSH,naver_article,5,2026-03-04,2026-04-01,16.67705614651525,취재진 질문에 답하는 오세훈 시장,unknown,29
SI3_OSH_naver_blog_cafe_d67278822c8d,OSH,naver_blog_cafe,45,2026-01-05,2026-05-29,16.333333333333332,2026년 5월 29일 신문을 통해 알게 된 이야기들,unknown,145
SI3_OSH_naver_article_ea727bf0b029,OSH,naver_article,6,2026-02-05,2026-03-17,16.206387437506585,"경실련""서울 버스, 노선 증가에도 운행거리 감소·서비스 질 저하""",unknown,41
SI3_OSH_bigkinds_article_fee35ffc8852,OSH,bigkinds_article,7,2026-05-06,2026-05-18,16.06438239351998,GTX 철근 누락 공방…정원오 “안전불감증” 오세훈 “정치공세”,unknown,13
SI3_OSH_naver_article_c6e0f0793518,OSH,naver_article,3,2026-03-04,2026-03-18,16.056121950232455,"'여론조사 대납'오세훈 2차 공판, 명태균 불출석...20일 증인신문 재개",unknown,15
SI3_OSH_naver_article_fcfa4113a305,OSH,naver_article,3,2026-03-22,2026-04-18,16.039456689310548,"오세훈, 국민의힘 서울시장 후보 확정…민주당 정원오와 대결",unknown,28
SI3_OSH_naver_article_c9e693a7cbd9,OSH,naver_article,8,2026-01-08,2026-03-10,15.971885485506796,지역 방문·현장 행보,regional_visit,62
SI3_OSH_naver_article_1da0f2aeddd8,OSH,naver_article,3,2026-05-20,2026-05-29,15.851430796750586,"정원오 4050, 오세훈 2030 앞서…與 우세 속 격차 11→8%P [중앙일보 여론조사]",unknown,10
SI3_JWO_naver_blog_cafe_47ca1b73a251,JWO,naver_blog_cafe,43,2026-01-19,2026-05-30,15.833333333333332,[부동산빅뱅] 5월 30일 오늘의 부동산 뉴스 핫이슈24,unknown,132
SI3_OSH_daum_article_8a6f6207b776,OSH,daum_article,6,2026-05-25,2026-05-31,15.833333333333332,"민주당 ""吳, 국무회의를 정치 자산으로 활용하려…오만한 발상""",unknown,7
SI3_JWO_naver_blog_cafe_6abfb5bf9b7d,JWO,naver_blog_cafe,21,2026-01-12,2026-05-26,15.818101488254666,부동산·보내기_2025·sns_보내기_2025,policy_real_estate_tax,135
SI3_OSH_bigkinds_article_0c5b692d8d22,OSH,bigkinds_article,7,2026-01-07,2026-05-22,15.738875409168052,[포토] 뚝도시장 찾은 오세훈 국민의힘 서울시장 후보,unknown,136
SI3_JWO_daum_article_50c9bf9ce81a,JWO,daum_article,4,2026-05-16,2026-05-25,15.73694534817614,"[6·3공약 비교]정원오 ""'착착개발'로 재건축 해결"" 오세훈 ""닥치고 31만호 공급""",unknown,10
SI3_OSH_naver_blog_cafe_46d6d0ed12a1,OSH,naver_blog_cafe,43,2026-01-05,2026-05-29,15.666666666666666,언론 칼럼·뉴스요약 콘텐츠,media_column_summary,145
SI3_OSH_daum_article_8ba72882dd01,OSH,daum_article,7,2026-04-22,2026-04-29,15.659799557690047,"정원오 ""10년내 재개발"" 오세훈 ""10분 운세권""…정책 대결 후끈(종합)",unknown,8
SI3_OSH_daum_article_760e1b70c2fe,OSH,daum_article,5,2026-04-13,2026-04-20,15.63629436111989,오세훈 “장특공 폐지는 세금폭탄…민주당의 서울시는 ‘부동산 지옥’”,unknown,8
SI3_OSH_daum_article_37847831dfe1,OSH,daum_article,5,2026-04-13,2026-04-20,15.598392481493187,오세훈 “장특공 폐지는 세금폭탄…민주당의 서울시는 ‘부동산 지옥’”,unknown,8
SI3_OSH_daum_article_81d2f285a028,OSH,daum_article,4,2026-03-04,2026-03-20,15.555704220133356,'오세훈-명태균' 오늘 법정대면…한 차례 불발 후 성사될까,unknown,17
SI3_OSH_daum_article_0b04088c75f2,OSH,daum_article,6,2026-03-09,2026-05-29,15.550445577095164,사전투표하는 오세훈,unknown,82
SI3_JWO_daum_article_9b25eeddc304,JWO,daum_article,15,2026-01-01,2026-04-01,15.372144658566643,"서울시장, 정원오 42.6%·오세훈 28.0%…부산, 전재수 43.7%·박형준 27.1%",unknown,91
SI3_JWO_naver_blog_cafe_1452da73bed4,JWO,naver_blog_cafe,42,2026-01-19,2026-05-31,15.333333333333332,부동산·부동산빅뱅·핫이슈,policy_real_estate_tax,133
SI3_JWO_bigkinds_article_9ed381e0d1c2,JWO,bigkinds_article,5,2026-04-10,2026-05-15,15.312931876650664,기자회견장 들어서는 정원오 후보,unknown,36
SI3_JWO_bigkinds_article_9b7515849f52,JWO,bigkinds_article,3,2026-05-11,2026-05-21,15.306996233679438,"[6·3 지방선거] 공식 선거운동 시작...정청래는 정원오, 장동혁은 양향자 찾았다",unknown,11
SI3_JWO_naver_article_46cb9d0e887b,JWO,naver_article,5,2026-03-11,2026-04-10,15.192645594576398,"서울 탈환 노리는 정원오,'원팀 정신'중무장",unknown,31
SI3_OSH_daum_article_ca36109a12bd,OSH,daum_article,3,2026-04-07,2026-04-18,15.170654814644102,국힘 서울시장 후보에 오세훈…與정원오와 본선 확정,unknown,12
SI3_JWO_bigkinds_article_86c5429f92d5,JWO,bigkinds_article,5,2026-02-08,2026-03-10,15.166666666666666,후보 출마·정치적 입지,candidate_positioning,31
SI3_OSH_youtube_e7c63342656a,OSH,youtube,36,2026-01-06,2026-05-31,15.128764787039962,콘텐츠·드는_동영상·친구_가족뿐,policy_real_estate_tax,146
SI3_OSH_daum_article_31d32b7c7867,OSH,daum_article,4,2026-05-18,2026-05-23,15.087809706288764,"막 오른 제9회 전국동시지방선거, 공식 선거운동 시작하며 여야 격돌! [데일리안 주간 포토]",unknown,6
SI3_JWO_naver_blog_cafe_4a3a5994567a,JWO,naver_blog_cafe,41,2026-01-19,2026-05-31,15.0,부동산빅뱅·핫이슈·부동산빅뱅_부동산,policy_real_estate_tax,133
SI3_OSH_naver_article_0058eb2c4f63,OSH,naver_article,7,2026-03-17,2026-05-10,14.884692336343434,취재진 질문에 답하는 오세훈 서울시장 후보,unknown,55
SI3_OSH_naver_article_b4f4d1949bd9,OSH,naver_article,6,2026-03-04,2026-04-22,14.763200921336951,"[포토] 오세훈 서울시장,'명태균 여론조사 의혹'사건 공판 출석",unknown,50
SI3_JWO_naver_article_9fb1e1cb56e4,JWO,naver_article,3,2026-03-19,2026-04-13,14.760036581935555,인사나누고·성동구청장_오전·오전_잠실학생체육관,administrative_performance,26
SI3_JWO_naver_article_cfd299e2d19f,JWO,naver_article,8,2026-03-19,2026-05-29,14.655833482452062,대화하_정청래·대화하_정청래_대표·대화하,candidate_selection,72
SI3_OSH_daum_blog_cafe_9c64777861cb,OSH,daum_blog_cafe,32,2026-01-01,2026-04-20,14.628764787039962,서울시장 여론조사·본선 판세,community_reaction,110
SI3_OSH_naver_article_df482ef521c5,OSH,naver_article,7,2026-03-04,2026-04-22,14.590927237605678,"오세훈 서울시장, 여론조사비 대납 의혹 재판 출석",unknown,50
SI3_OSH_daum_article_506c7aee0e1a,OSH,daum_article,3,2026-04-18,2026-04-23,14.497687147780184,지지율 바닥친 날 장동혁 “해당행위 후보 교체”…대대적 반격,unknown,6
SI3_OSH_naver_article_848100c94aa6,OSH,naver_article,8,2026-02-14,2026-05-28,14.475338377319936,사전투표 하루 앞두고…정원오 39% vs 오세훈 39%,unknown,104
SI3_OSH_daum_article_49ec91261bb7,OSH,daum_article,10,2026-03-04,2026-05-31,14.447513057297883,질문에 답하는 오세훈 후보,unknown,89
SI3_JWO_naver_article_a7bb4a29c674,JWO,naver_article,4,2026-05-03,2026-05-15,14.398625172459923,용산구·용산구_효창운동장·서울특별시장기,other,13
SI3_OSH_naver_article_87bfc137d0d5,OSH,naver_article,3,2026-02-10,2026-02-23,14.3945106489632,"오세훈""충분한 공급, 유일한 부동산 가격 안정화 대책""",unknown,14
SI3_OSH_daum_blog_cafe_a371f4905a99,OSH,daum_blog_cafe,32,2026-01-01,2026-05-26,14.346573590279972,사회·게시글·게시물입니다_답글,community_reaction,146
SI3_OSH_naver_blog_cafe_d9bc86a72e08,OSH,naver_blog_cafe,43,2026-01-05,2026-05-29,14.333333333333332,2026년 5월 29일 신문을 통해 알게 된 이야기들,unknown,145
SI3_OSH_naver_blog_cafe_b2b58b5ffe33,OSH,naver_blog_cafe,42,2026-01-02,2026-05-31,14.333333333333332,[부동산빅뱅] 오늘의 부동산 뉴스 핫이슈24,unknown,150
SI3_OSH_naver_article_9acda0762e24,OSH,naver_article,3,2026-04-07,2026-04-18,14.237373352615808,국힘 서울시장 후보에 오세훈…與정원오와 본선 확정,unknown,12
SI3_JWO_naver_article_17f1bb8d71f7,JWO,naver_article,13,2026-03-09,2026-05-23,14.18124895484599,지지호소하는 정원오 서울시장 후보,unknown,76
SI3_JWO_naver_article_70d99cb17e94,JWO,naver_article,15,2026-01-01,2026-04-01,14.066860766347869,사진·현장 노출 이벤트,media_photo_event,91
SI3_OSH_naver_blog_cafe_faf654854fe4,OSH,naver_blog_cafe,12,2026-03-14,2026-05-14,14.026480513893278,부동산·임대·아파트,policy_real_estate_tax,62
SI3_JWO_naver_article_9ea6d876799f,JWO,naver_article,7,2026-01-17,2026-03-05,13.75662012847332,김영배·의원·출마,administrative_performance,48
SI3_JWO_daum_article_deb1f0ab3f04,JWO,daum_article,3,2026-05-19,2026-05-28,13.589259137559123,"정원오 후보, 기자간담회",unknown,10
SI3_JWO_daum_article_aa2e2041c9ee,JWO,daum_article,5,2026-05-06,2026-05-24,13.416632508446652,시민들과 인사나누는 정원오,unknown,19
SI3_OSH_naver_blog_cafe_83245a7801c4,OSH,naver_blog_cafe,39,2026-01-02,2026-05-31,13.333333333333332,[부동산빅뱅] 오늘의 부동산 뉴스 핫이슈24,unknown,150
SI3_JWO_naver_article_b58576a92c21,JWO,naver_article,8,2026-02-02,2026-04-06,13.233179143185346,"정원오, 서울시장 출마 공식 선언",unknown,64
SI3_OSH_naver_blog_cafe_14b5fb7a59ba,OSH,naver_blog_cafe,38,2026-01-02,2026-05-31,13.0,부동산빅뱅·핫이슈·부동산_핫이슈,policy_real_estate_tax,150
SI3_JWO_daum_article_3b3c98651bad,JWO,daum_article,7,2026-04-03,2026-04-10,12.948857863426657,"[뉴스 즉설]정원오·전재수 불안한 1위, 단단히 벼르는 오세훈·박형준",unknown,8
SI3_JWO_naver_article_a40c43f404b4,JWO,naver_article,15,2026-01-01,2026-04-01,12.936673403825903,사진·현장 노출 이벤트,media_photo_event,91
SI3_JWO_naver_article_299c10f7b89d,JWO,naver_article,11,2026-01-01,2026-05-29,12.833333333333332,"정원오 46.3% vs 오세훈 46.2%, 0.1%p차 초박빙",unknown,149
SI3_OSH_daum_article_8fd5a2e2cf32,OSH,daum_article,4,2026-04-01,2026-04-22,12.806755174164664,"오세훈 서울시장, 여론조사비 대납 의혹 재판 출석",unknown,22
SI3_JWO_bigkinds_article_123799bd6e4e,JWO,bigkinds_article,3,2026-05-07,2026-05-15,12.726017943449314,"민주당 정원오 서울시장 후보, 주요 공약 발표 기자회견",unknown,9
SI3_JWO_naver_article_4b2b0cae26be,JWO,naver_article,5,2026-03-31,2026-04-09,12.706071092791515,"정원오, 박주민·전현희 꺾었다…민주당'서울시장 후보'확정",unknown,10
SI3_OSH_daum_blog_cafe_e80dbe8ae66d,OSH,daum_blog_cafe,22,2026-01-02,2026-05-29,12.666666666666666,등록·목록_이전글_다음글·게시글_목록_이전글,community_reaction,148
SI3_JWO_daum_blog_cafe_52f72f1961c5,JWO,daum_blog_cafe,35,2026-01-11,2026-05-31,12.662683490402609,이종격투기·이종격투기_daum·이종격투기_daum_카페,noise_or_nonissue,141
SI3_OSH_naver_blog_cafe_fb4324275f8a,OSH,naver_blog_cafe,15,2026-01-28,2026-04-28,12.500421084304802,@[일부인용] 1빠 신고 맞습니까? 1월 26일 재결. 아직 홈페이지는 심리재결중이라고 나오는데결과에는 '일부인용'이라고 나오네요^^ 곰돌이행정사님 이하 많은 회원님들 감사합니다.,unknown,91
SI3_JWO_naver_article_4290cf2b2ec2,JWO,naver_article,5,2026-02-02,2026-02-13,12.473915801837933,[6·3 지방선거 D-120]'설 민심'영향력 줄었나… 수도권·충청권 표심...,unknown,12
SI3_OSH_daum_article_86192e2baef0,OSH,daum_article,3,2026-05-18,2026-05-23,12.4269254296085,서울기념식·민주화운동·주년,symbolic_event,6
SI3_OSH_naver_article_a36f58386902,OSH,naver_article,4,2026-04-22,2026-04-29,12.408193444927988,오세훈 ·정원오 공약 대결…'건강 서울'vs'부동산 공급',unknown,8
SI3_OSH_naver_article_7efaacd827da,OSH,naver_article,3,2026-03-17,2026-03-24,12.375184187171948,[6·3지선] 박주민·정원오·전현희...민주당 서울시장 3파전,unknown,8
SI3_OSH_daum_article_e4c5e9f0bcc2,OSH,daum_article,3,2026-03-31,2026-04-05,12.288747822926544,"“서울, ‘박원순 시즌2’ 절대 안돼”…집중 견제 받는 오세훈, 마지막 ‘정치 각오’",unknown,6
SI3_JWO_daum_article_a8e4300509cf,JWO,daum_article,9,2026-03-09,2026-05-23,12.286728352490721,제공_photo·제공·db,candidate_selection,76
SI3_OSH_daum_article_8dcdd2cabfae,OSH,daum_article,4,2026-03-09,2026-05-29,12.135229427297816,사전투표하는 오세훈,unknown,82
SI3_OSH_naver_article_869ed612a9ad,OSH,naver_article,4,2026-04-01,2026-04-15,11.952004218819722,법정 들어서는 오세훈 서울시장,unknown,15
SI3_OSH_naver_article_8e3c0ded746c,OSH,naver_article,3,2026-02-19,2026-03-29,11.897715726853313,강북·이끌·발전,administrative_performance,39
SI3_JWO_bigkinds_article_c92a48c8af7d,JWO,bigkinds_article,5,2026-05-03,2026-05-10,11.833333333333332,서울특별시장기·서울특별시장기_축구대회·축구대회,other,8
SI3_OSH_naver_article_36421ea8e62f,OSH,naver_article,12,2026-01-01,2026-04-01,11.819611461715615,"서울시장, 정원오 42.6%·오세훈 28.0%…부산, 전재수 43.7%·박형준 27.1%",unknown,91
SI3_JWO_daum_blog_cafe_2f4466f2b58d,JWO,daum_blog_cafe,21,2026-02-02,2026-05-31,11.799691619704024,검색·댓글·게시글,community_reaction,119
SI3_OSH_naver_article_105088023f19,OSH,naver_article,4,2026-04-13,2026-04-20,11.770769831026566,사진·현장 노출 이벤트,media_photo_event,8
SI3_OSH_naver_article_865dd1ccc85e,OSH,naver_article,6,2026-03-04,2026-04-22,11.725485422699641,"오세훈'여론조사비 대납 의혹'재판, 지선 이후 진행",unknown,50
SI3_OSH_daum_article_37274b03a343,OSH,daum_article,13,2026-04-10,2026-05-06,11.693147180559945,[표]전국 시·도 광역단체장 후보자 현황(5월6일 현재),unknown,27
SI3_OSH_daum_article_27b64af4f2ba,OSH,daum_article,3,2026-02-04,2026-05-06,11.676689661938036,최진석·myjs·최진석_중구,administrative_performance,92
SI3_OSH_naver_article_59132696a150,OSH,naver_article,4,2026-02-26,2026-03-30,11.590799464190015,이주비 조달 난항 겪는 재건축 사업...금융전으로,unknown,33
SI3_OSH_naver_article_902099c3995f,OSH,naver_article,4,2026-02-26,2026-03-30,11.590799464190015,myjs·newsis·중구_서울시청,policy_real_estate_tax,33
SI3_OSH_naver_blog_cafe_0cbf19549f3d,OSH,naver_blog_cafe,24,2026-01-24,2026-05-31,11.5,보내기·sns_보내기·sns,other,128
SI3_OSH_naver_article_8837e5a27c59,OSH,naver_article,12,2026-01-01,2026-04-01,11.48935295241621,"서울시장, 정원오 42.6%·오세훈 28.0%…부산, 전재수 43.7%·박형준 27.1%",unknown,91
SI3_JWO_bigkinds_article_dd72cf2a58f1,JWO,bigkinds_article,3,2026-05-11,2026-05-21,11.473662900346106,"[6·3 지방선거] 공식 선거운동 시작...정청래는 정원오, 장동혁은 양향자 찾았다",unknown,11
SI3_OSH_naver_article_2ff56cabd304,OSH,naver_article,3,2026-04-10,2026-04-18,11.380803485428103,"[6·3 지방선거] 국민의힘""오세훈 서울시장 후보 선출""…정원오와 맞대...",unknown,9
SI3_JWO_naver_blog_cafe_7e0e5de031b0,JWO,naver_blog_cafe,34,2026-01-02,2026-05-28,11.333333333333332,주식뉴스·오전·리포트,noise_or_nonissue,147
SI3_JWO_naver_blog_cafe_845a5fb67f7b,JWO,naver_blog_cafe,34,2026-01-02,2026-05-28,11.333333333333332,주식뉴스! 오전 리포트 2026-05-28,unknown,147
SI3_JWO_naver_blog_cafe_a7fd70e92239,JWO,naver_blog_cafe,34,2026-01-02,2026-05-28,11.333333333333332,주식뉴스! 오전 리포트 2026-05-28,unknown,147
SI3_JWO_naver_article_a64eaddaa658,JWO,naver_article,8,2026-01-08,2026-02-27,11.333333333333332,오후_성동구·성동구_행당동·행당동_성동구청,administrative_performance,51
SI3_JWO_naver_article_43b7fa832f41,JWO,naver_article,11,2026-03-09,2026-05-23,11.270292971046036,재판매_db·photo_newsis·com_재판매,candidate_selection,76
SI3_OSH_naver_article_0cb3cb08cdf6,OSH,naver_article,4,2026-04-01,2026-04-22,11.211336463660562,"오세훈 시장, 명태균 여론조사 의혹 공판 출석",unknown,22
SI3_OSH_naver_article_2059af5475f0,OSH,naver_article,19,2026-03-27,2026-05-06,11.179906923613306,[표]전국 시·도 광역단체장 후보자 현황(5월6일 현재),unknown,41
SI3_OSH_naver_article_e60737c7fa2d,OSH,naver_article,19,2026-03-27,2026-05-06,11.179906923613306,[표]전국 시·도 광역단체장 후보자 현황(5월6일 현재),unknown,41
SI3_JWO_daum_blog_cafe_6d96a279fad3,JWO,daum_blog_cafe,14,2026-01-03,2026-05-31,11.165880595029497,안보·모음·일주간,other,149
SI3_JWO_daum_blog_cafe_a559bd0dbe67,JWO,daum_blog_cafe,14,2026-01-03,2026-05-31,11.165880595029497,일주간·신문기사·모음,other,149
SI3_JWO_naver_article_b8004982e2be,JWO,naver_article,3,2026-05-20,2026-05-29,11.117330529756654,"정원오 4050, 오세훈 2030 앞서…與 우세 속 격차 11→8%P [중앙일보 여론조사]",unknown,10
SI3_JWO_naver_blog_cafe_3dae15b38b71,JWO,naver_blog_cafe,24,2026-01-28,2026-05-31,11.115524530093323,re·저장·이전,policy_real_estate_tax,124
SI3_JWO_daum_article_f5e2f0394742,JWO,daum_article,5,2026-03-31,2026-04-09,11.067273588513183,[단독] '재환산 논란' 여론조사 돌연 삭제…정원오 '문제없다'더니 왜?,unknown,10
SI3_JWO_bigkinds_article_d5c17f8d3725,JWO,bigkinds_article,7,2026-03-11,2026-05-17,11.003039528605303,기자회견·국회_소통관·국회,administrative_performance,68
SI3_JWO_daum_article_00c910062ebc,JWO,daum_article,4,2026-01-08,2026-05-22,10.969250257199208,사진·현장 노출 이벤트,media_photo_event,135
SI3_OSH_naver_article_5eb29739e5ad,OSH,naver_article,3,2026-03-11,2026-03-30,10.926015131959808,"서울시, 김태균 서울교통공사 신임 사장 임명",unknown,20
SI3_JWO_naver_article_405699ca86c6,JWO,naver_article,7,2026-03-11,2026-05-15,10.750016304290398,취재진 질문에 답하는 정원오 서울시장 후보,unknown,66
SI3_OSH_daum_article_a016608f5a6a,OSH,daum_article,3,2026-01-30,2026-03-27,10.720986826711982,"서울시, 산업 AX 확산 전략 논의…'AI SEOUL 전문가 간담회'",unknown,57
SI3_OSH_naver_blog_cafe_3b657a2ac662,OSH,naver_blog_cafe,12,2026-03-14,2026-05-14,10.666666666666666,"오세훈 정원오, 부동산 양자 토론 거부하며 검증 회피…박원순 시즌2",unknown,62
SI3_OSH_naver_article_92ddf22e561c,OSH,naver_article,3,2026-02-04,2026-05-14,10.484906649788002,밝은 표정의 오세훈 서울시장 후보,unknown,100
SI3_JWO_daum_article_ecc293b339ee,JWO,daum_article,3,2026-03-20,2026-03-25,10.470880107006387,민주당 서울시장 후보 경선,candidate_selection,6
SI3_OSH_bigkinds_article_c1d015929bde,OSH,bigkinds_article,3,2026-03-18,2026-04-03,10.443826746689323,"명태균, 여론조사비 대납 의혹 관련 증인 출석",unknown,17
SI3_OSH_bigkinds_article_ad4e2005721e,OSH,bigkinds_article,6,2026-03-23,2026-04-19,10.410185033060015,박수민_윤희숙·윤희숙_경선·윤희숙,candidate_selection,28
SI3_JWO_naver_blog_cafe_23804a8fbfd1,JWO,naver_blog_cafe,19,2026-01-01,2026-04-10,10.32762265046662,필독·됩니다·주세요,community_reaction,100
SI3_OSH_naver_blog_cafe_194aa065946a,OSH,naver_blog_cafe,27,2026-01-06,2026-05-31,10.28219119675999,re·이전·다음,policy_real_estate_tax,146
SI3_OSH_naver_article_b0158d3b4b8d,OSH,naver_article,3,2026-04-01,2026-04-22,10.196052112583933,사진·현장 노출 이벤트,media_photo_event,22
SI3_OSH_naver_article_23f48f032ae1,OSH,naver_article,4,2026-03-18,2026-05-10,10.170464132971441,교통공약 발표 마친 오세훈 서울시장,unknown,54
SI3_JWO_naver_blog_cafe_55d0ffc2f497,JWO,naver_blog_cafe,27,2026-02-09,2026-05-27,10.128764787039962,sns·보내기·sns_보내기,policy_real_estate_tax,108
SI3_OSH_daum_article_6d955d0ba544,OSH,daum_article,6,2026-03-18,2026-04-22,10.068130743799841,'정치자금법 위반' 공판 출석하는 오세훈 시장,unknown,36
SI3_OSH_naver_article_ddb5e197ac95,OSH,naver_article,5,2026-03-04,2026-04-22,10.028272152927816,[포토]'정치자금법'재판 출석하는 오세훈,unknown,50
SI3_JWO_naver_article_81065d078bb1,JWO,naver_article,5,2026-04-28,2026-05-11,10.0,[오늘의 국회일정](11일·월),unknown,14
SI3_JWO_naver_article_6e60bf1ab5b4,JWO,naver_article,4,2026-05-24,2026-05-29,9.924196240746594,'당선 가능성'정원오 46.3% vs 오세훈 46.2%…0.1%p 초접전 [한양경제·...,unknown,6
SI3_OSH_daum_article_7b5b0afcc32f,OSH,daum_article,4,2026-04-13,2026-04-20,9.905245300933242,오세훈 “장특공 폐지는 세금폭탄…민주당의 서울시는 ‘부동산 지옥’”,unknown,8
SI3_JWO_daum_blog_cafe_94a0d1074322,JWO,daum_blog_cafe,27,2026-01-01,2026-05-28,9.897715726853315,추천해요_스크랩·수정_삭제_스팸처리·스크랩_댓글,community_reaction,148
SI3_JWO_naver_blog_cafe_be8e8373fc58,JWO,naver_blog_cafe,21,2026-02-09,2026-05-18,9.897715726853315,이재명_정부·이재명·정부,other,99
SI3_OSH_naver_article_45ae21e64895,OSH,naver_article,3,2026-05-03,2026-05-14,9.875184187171948,격차 좁혀지는 정원오· 오세훈 승부…6·3 지선 與 압승론 흔들,unknown,12
SI3_JWO_naver_article_f0bb22e38925,JWO,naver_article,5,2026-04-05,2026-04-10,9.851247822926544,민주당 서울시장 후보 경선,candidate_selection,6
SI3_JWO_bigkinds_article_e1276c38ed05,JWO,bigkinds_article,4,2026-04-10,2026-05-14,9.848703673278669,기자회견·오전_여의_국회·뉴스핌_정일구_오전,candidate_selection,35
SI3_OSH_bigkinds_article_99e9944c6e82,OSH,bigkinds_article,8,2026-01-28,2026-04-22,9.846573590279972,서울시장 여론조사·본선 판세,race_polling,85
SI3_OSH_naver_blog_cafe_eac9b4e37f83,OSH,naver_blog_cafe,23,2026-01-01,2026-04-20,9.647715726853315,됩니다·필독·게시판,community_reaction,110
SI3_OSH_naver_blog_cafe_daaac8735330,OSH,naver_blog_cafe,15,2026-01-16,2026-05-26,9.626093632778556,한국토지주택공사·기관·주요,policy_transport_infrastructure,131
SI3_JWO_daum_article_d3bb1cf34f97,JWO,daum_article,5,2026-03-20,2026-03-25,9.614188053429165,TV토론·후보 공방,debate_broadcast,6
SI3_OSH_naver_article_ca8b83753aa8,OSH,naver_article,3,2026-03-04,2026-04-03,9.613138011171749,[포토] 여유로운 표정으로 오세훈 공판 증인 출석하는 명태균,unknown,31
SI3_JWO_daum_article_13379e52f121,JWO,daum_article,8,2026-04-03,2026-04-10,9.600861697664682,"박주민·전현희 “우리는 원팀, 민주당 승리 위해 뛸 것”···정원오 서울시장 후보 확정에 입장문",unknown,8
SI3_JWO_daum_article_8da03605f8c6,JWO,daum_article,3,2026-03-23,2026-05-12,9.573419284012196,2035·pjh·news,other,51
SI3_JWO_naver_blog_cafe_a094f92e21a4,JWO,naver_blog_cafe,20,2026-01-28,2026-05-31,9.448857863426657,re·스터디·저장,candidate_selection,124
SI3_OSH_naver_article_3150301fd591,OSH,naver_article,3,2026-03-25,2026-04-09,9.445185878948083,오전_중구·중구_서울시청·서울시청_열린,administrative_performance,16
SI3_OSH_naver_blog_cafe_3e402ebb77cf,OSH,naver_blog_cafe,19,2026-01-01,2026-04-09,9.429906923613306,●●● 與 서울시장 후보에 '명픽' 정원오…,unknown,99
SI3_JWO_naver_blog_cafe_5220c5c82d97,JWO,naver_blog_cafe,26,2026-04-06,2026-05-31,9.333333333333332,하나씩·착착·캠프,campaign_strategy,56
SI3_JWO_naver_blog_cafe_7039705a9779,JWO,naver_blog_cafe,26,2026-04-06,2026-05-31,9.333333333333332,하나씩·착착·캠프,campaign_strategy,56
SI3_JWO_naver_blog_cafe_74a3cb31283a,JWO,naver_blog_cafe,26,2026-04-06,2026-05-31,9.333333333333332,하나씩·착착·캠프,campaign_strategy,56
SI3_OSH_naver_article_716227244b05,OSH,naver_article,3,2026-03-11,2026-05-15,9.331795921316369,잠실·스포츠·MICE 복합공간 조성 현장,unknown,66
SI3_OSH_daum_article_ab2c983e6555,OSH,daum_article,5,2026-01-12,2026-01-29,9.231049060186649,"서울시, 사회적경제기업에 연 1.75% 저금리 대출…기업당 4억",unknown,18
SI3_JWO_naver_article_d57aecf77a47,JWO,naver_article,4,2026-02-03,2026-02-26,9.078981782725378,준공영제·시내버스·국회도서관,administrative_performance,24
SI3_OSH_naver_blog_cafe_dc0427a485d3,OSH,naver_blog_cafe,22,2026-02-07,2026-05-31,9.064382393519981,부동산 대책과 자산 관리,unknown,114
SI3_JWO_naver_blog_cafe_4e4a4a5b14d5,JWO,naver_blog_cafe,8,2026-04-01,2026-05-14,9.064382393519981,"오세훈 정원오, 부동산 양자 토론 거부하며 검증 회피…박원순 시즌2",unknown,44
SI3_OSH_daum_article_6d2197dc243b,OSH,daum_article,3,2026-03-20,2026-04-03,9.012812262085115,"명태균, 여론조사비 대납 의혹 관련 증인 출석",unknown,15
SI3_OSH_naver_article_16fe85c2b2d4,OSH,naver_article,3,2026-05-17,2026-05-23,8.968424926146144,신영시장 찾은 오세훈,unknown,7
SI3_JWO_bigkinds_article_a32660edc19a,JWO,bigkinds_article,4,2026-01-08,2026-05-22,8.885384915513283,사진·현장 스케치 노출,media_photo_event,135
SI3_OSH_bigkinds_article_69177da6247a,OSH,bigkinds_article,8,2026-02-10,2026-05-10,8.833333333333332,취재진·답하·질문,administrative_performance,90
SI3_JWO_naver_blog_cafe_c08ec024e064,JWO,naver_blog_cafe,23,2026-02-09,2026-05-18,8.79543145370663,이재명_정부·정부·이재명,other,99
SI3_JWO_daum_blog_cafe_3537d5a518b7,JWO,daum_blog_cafe,27,2026-01-24,2026-05-29,8.769998880286627,daum·daum_카페·가입하기,noise_or_nonissue,126
SI3_OSH_naver_article_785f74edd549,OSH,naver_article,3,2026-04-10,2026-04-18,8.765278955334775,"[6·3 지방선거] 국민의힘""오세훈 서울시장 후보 선출""…정원오와 맞대...",unknown,9
SI3_JWO_daum_blog_cafe_010cf549382d,JWO,daum_blog_cafe,11,2026-01-03,2026-05-31,8.759588653406764,제목·모음·신문기사,other,149
SI3_OSH_naver_article_374509ddc866,OSH,naver_article,3,2026-04-30,2026-05-12,8.731049060186649,칸쿤 출장 의혹 공방,controversy_attack_defense,13
SI3_OSH_naver_article_98c98c8e015c,OSH,naver_article,3,2026-04-30,2026-05-12,8.731049060186649,칸쿤 출장 의혹 공방,controversy_attack_defense,13
SI3_JWO_daum_article_8ced4efa3b21,JWO,daum_article,19,2026-03-27,2026-05-06,8.679906923613306,[표]전국 시·도 광역단체장 후보자 현황(5월6일 현재),unknown,41
SI3_JWO_naver_blog_cafe_b534d77951fb,JWO,naver_blog_cafe,10,2026-01-16,2026-05-15,8.666666666666666,델루챌·등록_반드시_확인·반드시_확인_하승훈의주식투자,noise_or_nonissue,120
SI3_JWO_naver_blog_cafe_c394e06f2c09,JWO,naver_blog_cafe,10,2026-01-16,2026-05-15,8.666666666666666,[5/15] 데일리 루틴 챌린지 시즌6 - #84,unknown,120
SI3_OSH_bigkinds_article_6d6b892eeb89,OSH,bigkinds_article,5,2026-03-04,2026-04-22,8.630894870038661,공판·출석하·대납,administrative_performance,50
SI3_OSH_naver_blog_cafe_f47954be3522,OSH,naver_blog_cafe,22,2026-01-06,2026-05-31,8.615524530093325,re·부동산·스터디,policy_real_estate_tax,146
SI3_OSH_daum_article_be8044484ce1,OSH,daum_article,18,2026-01-02,2026-05-28,8.595059630187409,"오세훈 서울시장 후보, '구의역 김군' 추모",unknown,147
SI3_OSH_daum_blog_cafe_99f1d81a1cad,OSH,daum_blog_cafe,18,2026-03-10,2026-05-29,8.564382393519981,오세훈-정원오 본선 맞대결,candidate_selection,81
SI3_JWO_naver_article_d5b1ab342c8f,JWO,naver_article,3,2026-03-02,2026-03-25,8.557896926139572,"민주 서울시장 본경선, 박주민· 정원오 ·전현희 3파전",unknown,24
SI3_OSH_bigkinds_article_700259caba9f,OSH,bigkinds_article,5,2026-03-18,2026-04-22,8.541850853838614,법정 향하는 오세훈 시장,unknown,36
SI3_OSH_naver_blog_cafe_be2ec9e2a837,OSH,naver_blog_cafe,7,2026-02-27,2026-05-29,8.5,2026년 5월 29일 금요일 아침뉴스 (주요신문 헤드라인),unknown,92
SI3_JWO_naver_blog_cafe_c911c773911f,JWO,naver_blog_cafe,11,2026-03-13,2026-05-14,8.448857863426657,부동산·아파트_분양·토지_주택,policy_real_estate_tax,63
SI3_JWO_daum_article_240b93184e07,JWO,daum_article,4,2026-02-23,2026-03-06,8.359813847226611,달아오른 민주당 서울시장 경선…김영배·전현희 “맹탕 경선 우려” 토론회 문제 제기,unknown,12
SI3_OSH_youtube_8f74aed3b15c,OSH,youtube,9,2026-04-26,2026-05-31,8.333333333333334,[다시보기] 오세훈 국민의힘 서울시장 후보 종로구 동묘 유세-5월 31일 (일) 풀영상 [이슈현장] / JTBC News,unknown,36
SI3_OSH_naver_article_cab417b3bfb3,OSH,naver_article,7,2026-01-08,2026-05-20,8.333333333333334,"거래는 얼어붙었는데 가격은 오른다… 오세훈""부동산 삼중참사""연일 맹...",unknown,133
SI3_JWO_naver_blog_cafe_75fccfa63e63,JWO,naver_blog_cafe,12,2026-03-13,2026-05-31,8.333333333333332,이슈전파사·세이상·되어주세요,other,80
SI3_OSH_naver_article_eb1379ac4b1c,OSH,naver_article,5,2026-03-31,2026-04-15,8.300592160309888,"현역'전패 대 불패'…여야 경선, 극과 극",unknown,16
SI3_JWO_daum_article_1c36c0393b93,JWO,daum_article,7,2026-04-12,2026-05-29,8.255689748066882,기표소 향하는 정원오,unknown,48
SI3_OSH_daum_article_d07ee93386e1,OSH,daum_article,4,2026-03-06,2026-03-12,8.229213067947361,TV토론·후보 공방,debate_broadcast,7
SI3_OSH_naver_article_8b76fb3b7f3b,OSH,naver_article,5,2026-03-04,2026-04-22,8.225546119619938,공판·서초구·출석,administrative_performance,50
SI3_OSH_naver_article_525e77e37e14,OSH,naver_article,4,2026-05-16,2026-05-22,8.178053830347945,오세훈 44.8% vs 정원오 42.0%…서울시장 판세 뒤집혔다,unknown,7
SI3_OSH_naver_blog_cafe_1a81b89595f9,OSH,naver_blog_cafe,22,2026-01-01,2026-05-22,8.166666666666666,🇰🇷 정원오 47.4% 오세훈 41.9%…5%P차 유지,unknown,142
SI3_OSH_daum_blog_cafe_6c3e98255a8a,OSH,daum_blog_cafe,15,2026-03-10,2026-04-29,8.166666666666666,언론 칼럼·뉴스요약 콘텐츠,media_column_summary,51
SI3_OSH_bigkinds_article_6e04db9a91bc,OSH,bigkinds_article,4,2026-02-05,2026-03-16,8.166666666666666,"배현진 ""오세훈, 가장 경쟁력 있는 후보…공관위 너그럽게 선택해주길""",unknown,40
SI3_OSH_daum_article_4e43a1465ea1,OSH,daum_article,4,2026-03-12,2026-03-17,8.143605599614437,"[속보]오세훈 서울시장, 오후 3시 공천 신청 입장 밝힌다",unknown,6
SI3_OSH_daum_article_b1297c606eff,OSH,daum_article,3,2026-03-09,2026-03-27,8.081480240067973,hwang·황준선·황준선_오전,administrative_performance,19
SI3_JWO_naver_article_c6eb04a9ec89,JWO,naver_article,19,2026-03-27,2026-05-06,8.064382393519981,[표]전국 시·도 광역단체장 후보자 현황(5월6일 현재),unknown,41
SI3_JWO_naver_article_b70e619754fc,JWO,naver_article,7,2026-02-14,2026-05-31,8.064382393519981,vs·전재수·박형준,other,107
SI3_OSH_bigkinds_article_a0146fafb575,OSH,bigkinds_article,3,2026-05-03,2026-05-13,8.064382393519981,사진·현장 노출 이벤트,media_photo_event,11
SI3_OSH_daum_article_9ca638051974,OSH,daum_article,3,2026-03-30,2026-04-10,8.017762077582336,"오세훈 “정원오, 미래 로드맵 없다…‘명픽’ 꼬리표 떼고 박원순 그늘 벗어나라”",unknown,12
SI3_OSH_daum_article_be42b8016885,OSH,daum_article,3,2026-03-30,2026-04-10,8.017762077582336,"오세훈 “정원오, 미래 로드맵 없다…‘명픽’ 꼬리표 떼고 박원순 그늘 벗어나라”",unknown,12
SI3_JWO_naver_blog_cafe_79fcf11ffe03,JWO,naver_blog_cafe,18,2026-01-07,2026-05-29,8.0,2026년 5월 29일 신문을 통해 알게 된 이야기들,unknown,143
SI3_JWO_naver_blog_cafe_b22477406779,JWO,naver_blog_cafe,18,2026-01-07,2026-05-29,8.0,2026년 5월 29일 신문을 통해 알게 된 이야기들,unknown,143
SI3_OSH_youtube_880264767eb9,OSH,youtube,12,2026-02-05,2026-05-29,8.0,"[현장] 오세훈 ""李, '오세훈 죽이기 선거' 위한 노골적 개입""…사전투표 첫날 서울시 압수수색 / 오세훈 서울시장 후보 기자회견 | MBN NEWS",unknown,114
SI3_JWO_bigkinds_article_a39d92361212,JWO,bigkinds_article,3,2026-05-18,2026-05-27,8.0,GTX 삼성역 철근 누락 공방,policy_transport_infrastructure,10
SI3_OSH_bigkinds_article_188a4eb53468,OSH,bigkinds_article,3,2026-04-01,2026-04-22,7.924196240746594,서울시장 여론조사·본선 판세,race_polling,22
SI3_JWO_daum_article_c4501679dc3c,JWO,daum_article,5,2026-04-05,2026-04-10,7.9140623230382,민주당 서울시장 후보 경선,candidate_selection,6
SI3_OSH_daum_article_463ce1953586,OSH,daum_article,5,2026-03-04,2026-04-22,7.862588783740246,법정 향하는 오세훈 시장,unknown,50
SI3_OSH_naver_article_468888c1cb1d,OSH,naver_article,4,2026-03-04,2026-03-18,7.8475751885560765,정치자금법위반 2차 공판 출석하는 오세훈 시장,unknown,15
SI3_JWO_naver_blog_cafe_dea1ce292e7c,JWO,naver_blog_cafe,19,2026-01-01,2026-05-25,7.833333333333333,한발 앞선 정원오…오세훈 맹추격,unknown,145
SI3_JWO_bigkinds_article_020fcf0232b5,JWO,bigkinds_article,3,2026-04-30,2026-05-13,7.763919823076018,오전_여의·인턴기자_오전·뉴스핌_김예원,candidate_selection,14
SI3_OSH_daum_blog_cafe_94e5c4086643,OSH,daum_blog_cafe,20,2026-03-13,2026-05-26,7.740617332654712,daum·daum_카페·카카오_계정,noise_or_nonissue,75
SI3_OSH_daum_blog_cafe_a77ca3bdb3b8,OSH,daum_blog_cafe,20,2026-03-13,2026-05-26,7.740617332654712,이종격투기·이종격투기_daum_카페·이종격투기_daum,community_reaction,75
SI3_JWO_daum_article_3605747f53a7,JWO,daum_article,19,2026-03-27,2026-05-06,7.679906923613306,[표]전국 시·도 광역단체장 후보자 현황(5월6일 현재),unknown,41
SI3_OSH_naver_blog_cafe_2ab56723bea3,OSH,naver_blog_cafe,20,2026-04-27,2026-05-31,7.666666666666666,5월 31일(일) 오세훈 서울시장 후보 일정,unknown,35
SI3_OSH_naver_blog_cafe_bcb8820e4f02,OSH,naver_blog_cafe,18,2026-01-09,2026-05-22,7.666666666666666,정부·부동산·대책,policy_real_estate_tax,134
SI3_JWO_youtube_8d174b128493,JWO,youtube,13,2026-03-10,2026-05-25,7.666666666666666,오마·집중유세·오후,candidate_selection,77
SI3_JWO_youtube_b9a2e6bef1ff,JWO,youtube,11,2026-05-17,2026-05-31,7.615524530093324,스마트흡연부스·스마트횡단보·광야구청장,administrative_performance,15
SI3_OSH_naver_blog_cafe_ec3f6420601c,OSH,naver_blog_cafe,3,2026-03-13,2026-05-14,7.6031937187532925,행정 공지·지역 서비스 안내,administrative_notice,63
SI3_JWO_naver_article_f68f2a8835de,JWO,naver_article,4,2026-05-24,2026-05-29,7.577622650466621,'당선 가능성'정원오 46.3% vs 오세훈 46.2%…0.1%p 초접전 [한양경제·...,unknown,6
SI3_JWO_naver_blog_cafe_3c2d655350b2,JWO,naver_blog_cafe,18,2026-01-08,2026-05-15,7.564382393519981,제목·글은·양식,administrative_performance,128
SI3_OSH_naver_article_12562d5adacd,OSH,naver_article,4,2026-03-04,2026-04-22,7.5499581337104065,재판 출석하는 오세훈 서울시장,unknown,50
SI3_OSH_naver_blog_cafe_df35aa6846c1,OSH,naver_blog_cafe,6,2026-03-09,2026-05-18,7.5,2026년 5월 18일 월요일 아침뉴스 (주요신문 헤드라인),unknown,71
SI3_OSH_naver_article_2532c717117c,OSH,naver_article,5,2026-01-21,2026-05-22,7.5,"대한민국 도시 2026년 5월 브랜드평판...서울시, 부산시, 제주시 順",unknown,122
SI3_OSH_naver_article_e4102378dc12,OSH,naver_article,5,2026-01-21,2026-05-22,7.5,브랜드·브랜드평판·도시_브랜드평판,administrative_performance,122
SI3_OSH_bigkinds_article_9a5e45b5dc97,OSH,bigkinds_article,3,2026-05-18,2026-05-27,7.5,GTX 삼성역 철근 누락 공방,policy_transport_infrastructure,10
SI3_OSH_daum_blog_cafe_573a1aae3877,OSH,daum_blog_cafe,19,2026-01-01,2026-04-20,7.448857863426658,게시글_목록_이전글·목록_이전글_다음글·더보기_게시글,community_reaction,110
SI3_JWO_daum_blog_cafe_16f4ab89e556,JWO,daum_blog_cafe,14,2026-01-20,2026-05-28,7.397715726853315,정원오 49.6% 오세훈 36.4%…김부겸 41.8% 추경호 45.1% [리서치앤리서치],unknown,129
SI3_JWO_naver_blog_cafe_9b7a11d1932e,JWO,naver_blog_cafe,6,2026-04-14,2026-05-11,7.333333333333333,부동산·미치다·분양,policy_real_estate_tax,28
SI3_OSH_bigkinds_article_2ec0ee7d3359,OSH,bigkinds_article,4,2026-03-23,2026-04-18,7.287360808363992,윤희숙·박수민·파전,administrative_performance,27
SI3_OSH_naver_article_00a92f0781a2,OSH,naver_article,8,2026-03-09,2026-05-10,7.23689440414627,취재진 질문에 답하는 오세훈 서울시장 후보,unknown,63
SI3_OSH_daum_article_a969146704f8,OSH,daum_article,5,2026-03-04,2026-04-03,7.219489264098149,"명태균, 여론조사비 대납 의혹 관련 증인 출석",unknown,31
SI3_OSH_daum_article_a54b70d055df,OSH,daum_article,3,2026-02-09,2026-05-25,7.196342305057991,사진·현장 노출 이벤트,media_photo_event,106
SI3_OSH_naver_article_94268bae884b,OSH,naver_article,4,2026-02-10,2026-03-26,7.179906923613306,정원·감사·국토부,policy_transport_infrastructure,45
SI3_OSH_naver_article_9acaafac69e5,OSH,naver_article,3,2026-03-19,2026-04-13,7.1674179399157385,서울 정원오 52% 대 오세훈 37%…대구 김부겸 54% 대 이진숙 37%,unknown,26
SI3_OSH_naver_blog_cafe_2bf27cf19b7f,OSH,naver_blog_cafe,21,2026-01-06,2026-05-28,7.166666666666666,국회의원·sns·소식,other,143
SI3_JWO_bigkinds_article_6829974a5068,JWO,bigkinds_article,3,2026-04-02,2026-04-10,7.166666666666666,칸쿤 출장 의혹 공방,controversy_attack_defense,9
SI3_JWO_daum_article_e5673edc008e,JWO,daum_article,7,2026-02-08,2026-05-31,7.144636884562607,"국힘, '기표 내역 SNS 공개' 이해식 민주당 의원 경찰 고발",unknown,113
SI3_JWO_naver_article_ed9a37ec2525,JWO,naver_article,4,2026-04-03,2026-04-10,7.132631757599456,TV토론·후보 공방,candidate_selection,8
SI3_JWO_naver_article_5611b0c0a856,JWO,naver_article,4,2026-05-24,2026-05-29,7.077622650466621,봉축법요식·부처님오신날·불기,other,6
SI3_JWO_naver_article_0643ecb85ef2,JWO,naver_article,4,2026-02-08,2026-04-10,7.064382393519981,후보 출마·정치적 입지,candidate_positioning,62
SI3_OSH_naver_article_90cc0df95d34,OSH,naver_article,3,2026-03-23,2026-04-20,7.064382393519981,국민의힘 서울시장 후보에 오세훈,unknown,29
SI3_JWO_naver_article_8f510aaa6354,JWO,naver_article,3,2026-04-30,2026-05-13,7.0493061443340554,공약 발표하는 정원오 서울시장 후보,unknown,14
SI3_OSH_naver_article_177a1fc99be3,OSH,naver_article,3,2026-01-05,2026-01-15,7.032870762889369,"오세훈 서울시장,'2026년 서대문구 신년인사회'참석...시정 운영 방향...",unknown,11
SI3_JWO_naver_article_a49e2fd8df4a,JWO,naver_article,4,2026-05-03,2026-05-11,7.027160080022657,[6·3지방선거]'서울·경기·인천'후보들의 정책戰 스타트,unknown,9
SI3_JWO_naver_article_88d3b855305d,JWO,naver_article,7,2026-02-14,2026-05-28,7.01324025694664,부산시장·vs_부산시장·부산시장_전재수,administrative_performance,104
SI3_OSH_daum_blog_cafe_eeeb7b164c49,OSH,daum_blog_cafe,16,2026-01-04,2026-05-31,7.0,기능_더보기·더보기_게시글·번역하기_공유하기,community_reaction,148
SI3_JWO_naver_blog_cafe_9fea45976ff3,JWO,naver_blog_cafe,9,2026-01-16,2026-04-11,7.0,특징 상한가 및 급등종목,unknown,86
SI3_JWO_naver_article_18575aab3fdb,JWO,naver_article,3,2026-01-16,2026-01-25,7.0,지원·성장·성동구,administrative_performance,10
SI3_OSH_naver_blog_cafe_5a84ed654b02,OSH,naver_blog_cafe,19,2026-02-20,2026-05-29,6.999999999999999,카페·서울시립대·카페_성장_도움,community_reaction,99
SI3_JWO_daum_article_29b32b920551,JWO,daum_article,3,2026-01-08,2026-02-22,6.9748615173394075,권창회·kch·0523,administrative_performance,46
SI3_OSH_naver_article_611f3033d7da,OSH,naver_article,5,2026-03-04,2026-04-03,6.973195402771354,법원 출석하는 오세훈 시장,unknown,31
SI3_OSH_naver_blog_cafe_c909826f3911,OSH,naver_blog_cafe,6,2026-01-01,2026-01-13,6.948857863426657,re·만사혁통·콘크리트,other,13
SI3_JWO_daum_article_efcc0e404d3d,JWO,daum_article,5,2026-03-11,2026-04-20,6.946664337204715,조성봉_예비후보·조성봉·suncho,administrative_performance,41
SI3_JWO_daum_blog_cafe_a735db756bee,JWO,daum_blog_cafe,15,2026-02-08,2026-05-29,6.853873284882671,오후·수정_삭제_스팸처리·news,community_reaction,111
SI3_JWO_bigkinds_article_8bf8ba3b7631,JWO,bigkinds_article,3,2026-04-10,2026-05-15,6.84870367327867,기자회견하·하고_mironj_newspim·기자회견_하고_mironj,candidate_selection,36
SI3_OSH_naver_article_a1846114010a,OSH,naver_article,10,2026-01-01,2026-04-01,6.837349118178186,"서울시장, 정원오 42.6%·오세훈 28.0%…부산, 전재수 43.7%·박형준 27.1%",unknown,91
SI3_OSH_naver_blog_cafe_b2a8238dfe4e,OSH,naver_blog_cafe,6,2026-03-17,2026-05-30,6.833333333333333,오세훈 선거 포기함?,unknown,75
SI3_OSH_bigkinds_article_4da1ad67074b,OSH,bigkinds_article,4,2026-03-04,2026-04-15,6.833333333333333,"오세훈 서울시장, 정치자금법 위반 혐의 공판 출석",unknown,43
SI3_OSH_bigkinds_article_0ffe513104c2,OSH,bigkinds_article,4,2026-02-05,2026-03-16,6.833333333333333,토론회·필수공익사업·시내버스,debate_broadcast,40
SI3_JWO_naver_article_f895bd6fb8e5,JWO,naver_article,6,2026-01-15,2026-04-06,6.781938545136086,"정원오, 서울시장 출마 공식 선언",unknown,82
SI3_OSH_naver_article_74b2cbda3a8a,OSH,naver_article,5,2026-03-18,2026-04-18,6.753614999680696,"코스피 지수, 종가 기준 6천선 회복! 미국·이란 전쟁 종식 기대감에 증시 강하게 반등! [데일리안 주간 포토]",unknown,32
SI3_OSH_naver_article_4b2424d07e2c,OSH,naver_article,3,2026-03-23,2026-04-09,6.737669188659968,윤희숙·박수민·의원,candidate_selection,18
SI3_OSH_daum_article_32855f6aa449,OSH,daum_article,11,2026-01-21,2026-05-08,6.735266836670866,지역 방문·현장 행보,regional_visit,108
SI3_JWO_naver_blog_cafe_9c25bf5ca980,JWO,naver_blog_cafe,15,2026-04-18,2026-05-26,6.709197086634661,보내기·sns_보내기·sns,other,39
SI3_OSH_daum_blog_cafe_cc0fc37fefad,OSH,daum_blog_cafe,10,2026-03-12,2026-04-30,6.705477991899977,daum·카카오_계정·카카오,noise_or_nonissue,50
SI3_OSH_naver_article_059d8d1eb619,OSH,naver_article,5,2026-01-06,2026-01-25,6.693147180559945,신년인사회·서대문구_신년인사회·서대문구,administrative_performance,20
SI3_OSH_naver_blog_cafe_7ed9ee0bc7b2,OSH,naver_blog_cafe,18,2026-03-13,2026-05-29,6.666666666666666,2026년05월29일 주요뉴스 뉴스,unknown,78
SI3_JWO_naver_blog_cafe_ed5ac8e76c7f,JWO,naver_blog_cafe,4,2026-04-14,2026-05-11,6.666666666666666,지옥·부동산_지옥·부동산,policy_real_estate_tax,28
SI3_JWO_daum_blog_cafe_58430f89d59b,JWO,daum_blog_cafe,18,2026-01-13,2026-05-26,6.618936454667498,카카오·로그인·계정,noise_or_nonissue,134
SI3_JWO_daum_blog_cafe_889aec5cb4f1,JWO,daum_blog_cafe,18,2026-01-13,2026-05-26,6.618936454667498,이순신연구소·백두대간·의병전쟁,other,134
SI3_OSH_daum_article_b76ae742b891,OSH,daum_article,5,2026-02-09,2026-03-26,6.603193718753293,정원·감사·국토부,policy_transport_infrastructure,46
SI3_OSH_daum_article_d23aa03792d9,OSH,daum_article,3,2026-03-12,2026-03-17,6.579223206094456,더플라자호텔·특강·공천등록,administrative_performance,6
SI3_JWO_daum_article_69ca71904c03,JWO,daum_article,5,2026-01-01,2026-05-14,6.532870762889369,웃으며 인사 나누는 정원오 서울시장 후보,unknown,134
SI3_OSH_daum_article_ea07f4e1bfff,OSH,daum_article,5,2026-02-22,2026-05-10,6.5280810695211136,"김재섭 ""정원오, '보좌관 찬스' 써도 되니 오세훈과 2대 1 토론하자""",unknown,78
SI3_OSH_daum_article_a9ea104e1dcd,OSH,daum_article,4,2026-03-12,2026-03-17,6.527839646152037,더플라자호텔·설명회·특강,administrative_performance,6
SI3_OSH_naver_article_6ad56c096aa1,OSH,naver_article,3,2026-02-26,2026-03-03,6.52570956315334,오세훈 “정부가 부동산 시장 못 이긴다…한강버스 평가 달라질 것”,unknown,6
SI3_JWO_naver_blog_cafe_67cbdfdf233b,JWO,naver_blog_cafe,10,2026-01-02,2026-04-10,6.5,04월 10일 상한가 & 급등 특징주,unknown,99
SI3_JWO_bigkinds_article_19c4ca59ed13,JWO,bigkinds_article,4,2026-05-13,2026-05-26,6.454615656549478,"“무소득 1주택, 공시가 상승분 한시적 稅 감면”",unknown,14
SI3_JWO_daum_article_3f8e30a1cab9,JWO,daum_article,3,2026-04-16,2026-05-14,6.448790004614719,발언_dwise·dwise·dwise_yna,campaign_strategy,29
SI3_JWO_daum_article_923efbb96351,JWO,daum_article,7,2026-02-08,2026-05-31,6.403422640457863,"국힘, '기표 내역 SNS 공개' 이해식 민주당 의원 경찰 고발",unknown,113
SI3_OSH_bigkinds_article_ecf705f8f9e1,OSH,bigkinds_article,4,2026-04-22,2026-05-01,6.372144658566644,"참여연대 “오세훈 베낀 정원오의 ‘착착개발’, 제2의 용산참사 부르나?”",unknown,10
SI3_OSH_daum_article_c01b738e5ead,OSH,daum_article,5,2026-01-28,2026-04-01,6.346573590279972,서울시장 여론조사·본선 판세,legal_election_rule,64
SI3_OSH_daum_blog_cafe_746fb9758b20,OSH,daum_blog_cafe,15,2026-01-08,2026-05-31,6.333333333333333,카페_게시글_목록·게시글_목록_이전글·게시글_본문내용,community_reaction,144
SI3_JWO_naver_blog_cafe_08201f9a21b0,JWO,naver_blog_cafe,14,2026-01-01,2026-04-20,6.333333333333333,주도주·게시판·주세요,community_reaction,110
SI3_JWO_naver_article_3f8c926776b2,JWO,naver_article,3,2026-01-08,2026-01-21,6.293595461467342,성동구청_열린·열린_신년인사회·오후_성동구청,administrative_performance,14
SI3_OSH_daum_article_f996cc672a91,OSH,daum_article,5,2026-02-09,2026-03-26,6.28949089136269,정원·감사·국토부,policy_transport_infrastructure,46
SI3_JWO_daum_blog_cafe_58d2ba6437e5,JWO,daum_blog_cafe,17,2026-01-13,2026-05-26,6.285603121334165,영남·이순신연구소·백두대간,other,134
SI3_OSH_naver_blog_cafe_de56b8c27147,OSH,naver_blog_cafe,17,2026-01-02,2026-05-22,6.179906923613306,주요뉴스·제목·자동양식,noise_or_nonissue,141
SI3_JWO_naver_blog_cafe_a1eb16ac171f,JWO,naver_blog_cafe,12,2026-01-01,2026-05-22,6.166666666666666,낭만복힘·인천너울·클린봇,community_reaction,142
SI3_OSH_daum_blog_cafe_161141488f1e,OSH,daum_blog_cafe,10,2026-02-25,2026-05-29,6.166666666666666,추가·장동혁·이동,candidate_selection,94
SI3_JWO_naver_article_4743b74fe25e,JWO,naver_article,4,2026-04-03,2026-04-10,6.132631757599457,"정원오 서울시장 후보 선출, 박주민·전현희'승복'... 다른 경선 잡음은'여전'",unknown,8
SI3_JWO_naver_article_7e0cab608382,JWO,naver_article,5,2026-03-31,2026-04-10,6.132631757599456,"정원오 서울시장 후보 선출, 박주민·전현희'승복'... 다른 경선 잡음은'여전'",unknown,11
SI3_JWO_naver_article_940e7abea492,JWO,naver_article,7,2026-01-08,2026-01-27,6.12967423264657,성동구청_열린·열린_신년인사회·신년인사회,administrative_performance,20
SI3_OSH_daum_article_222d635e09df,OSH,daum_article,3,2026-04-07,2026-04-28,6.125092802561388,"서울시, 고립·은둔 청년 지원 위해 전공의들과 협력키로",unknown,22
SI3_JWO_daum_article_ef4bc081fac7,JWO,daum_article,4,2026-03-11,2026-03-17,6.113331003871382,"'서울시장 출마' 정원오 ""청년주택 5만호 공급…주거부담 해소""",unknown,7
SI3_OSH_daum_article_7c3f7d777137,OSH,daum_article,3,2026-02-02,2026-05-25,6.0672291010194135,발언하는 박민규 의원,unknown,113
SI3_OSH_daum_blog_cafe_f054ca162125,OSH,daum_blog_cafe,15,2026-03-09,2026-05-27,6.064382393519981,카카오_계정·가입하기·계정,noise_or_nonissue,80
SI3_OSH_daum_article_01297c25344c,OSH,daum_article,3,2026-04-09,2026-04-21,6.030557910669553,집무실·서울시청·전국동시지방선거,candidate_selection,13
SI3_OSH_daum_blog_cafe_e31f83e218c2,OSH,daum_blog_cafe,15,2026-03-10,2026-04-30,6.000909445606607,daum·가입하기·카카오,noise_or_nonissue,52
SI3_OSH_naver_blog_cafe_da1b3e703bc9,OSH,naver_blog_cafe,17,2026-03-13,2026-05-29,6.0,2026년05월29일 주요뉴스 뉴스,unknown,78
SI3_OSH_naver_blog_cafe_c375b644fd76,OSH,naver_blog_cafe,16,2026-04-27,2026-05-30,6.0,5월 30일(토) 오세훈 서울시장 후보 일정,unknown,34
SI3_OSH_daum_article_75c2c3a135d4,OSH,daum_article,12,2026-03-27,2026-04-17,6.0,[표]전국 시·도 광역단체장 후보자 현황(4월17일 현재),unknown,22
SI3_OSH_naver_article_75d68b8b13c1,OSH,naver_article,4,2026-03-04,2026-04-03,5.908813009251372,"명태균, 여론조사비 대납 의혹 관련 증인 출석",unknown,31
SI3_JWO_naver_article_67e7eab1c23e,JWO,naver_article,3,2026-04-03,2026-04-10,5.859813847226612,사진·현장 노출 이벤트,media_photo_event,8
SI3_OSH_naver_blog_cafe_7fafb684653d,OSH,naver_blog_cafe,16,2026-02-15,2026-05-31,5.833333333333333,이재명_정부·정부·이재명,other,106
SI3_OSH_naver_blog_cafe_e14b7f605b05,OSH,naver_blog_cafe,9,2026-01-16,2026-03-14,5.833333333333333,제목 : 증시요약(6) - 특징 상한가 및 급등종목,unknown,58
SI3_JWO_bigkinds_article_bd8897de063c,JWO,bigkinds_article,4,2026-03-31,2026-04-07,5.833333333333333,TV토론·후보 공방,candidate_selection,8
SI3_OSH_naver_article_57f989e48e42,OSH,naver_article,4,2026-03-31,2026-04-15,5.800592160309888,"현역'전패 대 불패'…여야 경선, 극과 극",unknown,16
SI3_JWO_naver_blog_cafe_cb3f80fe111f,JWO,naver_blog_cafe,13,2026-02-20,2026-05-20,5.798470982311935,[한국부동산원] 2026년 5월 20일 오늘의 기관 주요 뉴스브리핑,unknown,90
SI3_JWO_naver_article_1e93740aba1b,JWO,naver_article,4,2026-02-08,2026-03-10,5.765370339945337,"정원오, 유가 폭등에""서울시는 실무 대응 수준…당선 시 긴급 추경 검...",unknown,31
SI3_JWO_naver_article_2d081ee1c189,JWO,naver_article,4,2026-02-08,2026-03-10,5.765370339945337,"정원오, 유가 폭등에""서울시는 실무 대응 수준…당선 시 긴급 추경 검...",unknown,31
SI3_JWO_naver_article_d4e91688ef13,JWO,naver_article,3,2026-04-03,2026-04-09,5.731049060186649,TV토론·후보 공방,debate_broadcast,7
SI3_JWO_naver_article_5fe51d134e09,JWO,naver_article,15,2026-03-27,2026-05-06,5.731049060186648,지역 방문·현장 행보,regional_visit,41
SI3_JWO_naver_article_63b0b42c1a39,JWO,naver_article,4,2026-02-08,2026-04-10,5.731049060186648,후보 출마·정치적 입지,candidate_positioning,62
SI3_JWO_bigkinds_article_742b407be153,JWO,bigkinds_article,3,2026-05-04,2026-05-19,5.731049060186648,인턴기자·뉴스핌_이건주·이건주_인턴기자,administrative_performance,16
SI3_OSH_daum_blog_cafe_cf66e1c0f969,OSH,daum_blog_cafe,15,2026-03-13,2026-04-29,5.70987665276404,카카오·가입하기·계정,noise_or_nonissue,48
SI3_OSH_naver_blog_cafe_375e552e6852,OSH,naver_blog_cafe,13,2026-02-25,2026-05-30,5.666666666666666,💬국회의원SNS소식20260530토요일1,unknown,95
SI3_OSH_naver_article_2255555c884a,OSH,naver_article,4,2026-01-06,2026-01-29,5.647715726853314,[포토] 신년사하는 오세훈 시장,unknown,24
SI3_OSH_daum_article_12d4782e6983,OSH,daum_article,5,2026-04-10,2026-04-18,5.613992467358879,TV토론·후보 공방,candidate_selection,9
SI3_OSH_bigkinds_article_3707ef95212b,OSH,bigkinds_article,4,2026-01-22,2026-05-31,5.605626950287525,발언하·정일구_오전_여의·뉴스핌_정일구_오전,administrative_performance,130
SI3_JWO_bigkinds_article_282c3ea9dcf7,JWO,bigkinds_article,3,2026-04-03,2026-04-10,5.564382393519982,"[뉴스 즉설]정원오·전재수 불안한 1위, 단단히 벼르는 오세훈·박형준",unknown,8
SI3_OSH_naver_blog_cafe_e3197a8c0d56,OSH,naver_blog_cafe,7,2026-03-14,2026-05-14,5.564382393519981,"오세훈 정원오, 부동산 양자 토론 거부하며 검증 회피…박원순 시즌2",unknown,62
SI3_OSH_bigkinds_article_12b3ab6923a4,OSH,bigkinds_article,3,2026-05-03,2026-05-13,5.564382393519981,사진·현장 노출 이벤트,media_photo_event,11
SI3_OSH_naver_blog_cafe_ce09819b69d3,OSH,naver_blog_cafe,8,2026-05-12,2026-05-28,5.549150548441314,한국부동산원·뉴스브리핑·한국부동산원_기관,policy_real_estate_tax,17
SI3_JWO_bigkinds_article_0d5d4ad25010,JWO,bigkinds_article,8,2026-01-01,2026-02-25,5.53881132523331,성수동 성과 공방 격화…“숟가락 얹지 말라” vs “개인 브랜드 포장”,unknown,56
SI3_OSH_daum_article_254f227fdb26,OSH,daum_article,5,2026-02-22,2026-05-10,5.5280810695211136,시민·시민_자부심·디자인하다_출간기념회,administrative_performance,78
SI3_JWO_naver_blog_cafe_c190fe1d6c37,JWO,naver_blog_cafe,8,2026-01-02,2026-05-04,5.5,최신·check·이슈_check,other,123
SI3_OSH_naver_blog_cafe_1b6184246d7a,OSH,naver_blog_cafe,6,2026-01-15,2026-05-19,5.5,주식뉴스! 오전 리포트 2026-05-19,unknown,125
SI3_OSH_bigkinds_article_b4a8208239f2,OSH,bigkinds_article,5,2026-05-16,2026-05-21,5.5,GTX 삼성역 철근 누락 공방,policy_transport_infrastructure,6
SI3_JWO_naver_blog_cafe_2b7d0cbe6644,JWO,naver_blog_cafe,4,2026-04-02,2026-05-14,5.5,● 헤드라인 2026. 5. 14. 목요일 ●,unknown,43
SI3_JWO_bigkinds_article_1b011d244fc7,JWO,bigkinds_article,4,2026-02-10,2026-05-04,5.499999999999999,선거법·고발 공방,legal_election_rule,84
SI3_JWO_naver_blog_cafe_e608875c5bdf,JWO,naver_blog_cafe,12,2026-02-20,2026-05-20,5.465137648978601,[한국부동산원] 2026년 5월 20일 오늘의 기관 주요 뉴스브리핑,unknown,90
SI3_JWO_naver_article_0e3226542315,JWO,naver_article,4,2026-02-11,2026-02-27,5.458426135894722,경영도서읽기동호회_주관·주관_간담회·서울지방변호사회관_한국사내변호사회,administrative_performance,17
SI3_JWO_naver_article_3e14d33cfd2c,JWO,naver_article,4,2026-02-11,2026-02-27,5.458426135894722,정원오 흠집내기 도 넘었다… 김재섭·안철수 헛발질?,unknown,17
SI3_JWO_daum_article_729483ec0243,JWO,daum_article,4,2026-03-04,2026-03-10,5.424196240746594,정원오 '李정부 서울시장' 슬로건 걸고 경선 시동…캠프 구성,unknown,7
SI3_JWO_naver_article_50d24e3ea1cd,JWO,naver_article,3,2026-04-03,2026-04-09,5.397715726853315,민주당 서울시장 후보 정원오 확정…부동산정책은 ‘공공성 강화형 공급...,unknown,7
SI3_JWO_naver_blog_cafe_56b48a4f5134,JWO,naver_blog_cafe,16,2026-01-21,2026-05-22,5.333333333333333,제목·양식·자동양식,other,122
SI3_JWO_naver_blog_cafe_5dbfd777e9e4,JWO,naver_blog_cafe,16,2026-02-12,2026-05-27,5.333333333333333,▼▼꼭 읽어봅시다 - 5 월 27 일 개장전 볼만한 뉴스 헤드라인,unknown,105
SI3_JWO_naver_blog_cafe_2a1d5f8e38ef,JWO,naver_blog_cafe,9,2026-01-16,2026-05-15,5.333333333333333,[5/15] 데일리 루틴 챌린지 시즌6 - #84,unknown,120
SI3_JWO_daum_article_fca2c5b76334,JWO,daum_article,4,2026-03-31,2026-04-09,5.333333333333333,TV토론·후보 공방,candidate_selection,10
SI3_OSH_naver_article_964c554ca6ba,OSH,naver_article,4,2026-02-16,2026-02-23,5.333333333333333,"오세훈 서울시장, 설 하루 앞둔 16일 1방공여단 방공진지 찾아 장병 격려",unknown,8
SI3_JWO_daum_article_782d605b9b2c,JWO,daum_article,3,2026-04-02,2026-04-09,5.333333333333333,칸쿤 출장 의혹 공방,controversy_attack_defense,8
SI3_JWO_naver_blog_cafe_0fa391ac7204,JWO,naver_blog_cafe,5,2026-01-01,2026-02-11,5.320188359282607,사진·현장 노출 이벤트,media_photo_event,42
SI3_JWO_bigkinds_article_198de9d36cc9,JWO,bigkinds_article,3,2026-04-30,2026-05-13,5.31506195964936,"정원오 ""소득없는 1주택자 재산세 한시 감면 할 것""",unknown,14
SI3_JWO_naver_blog_cafe_c0ff2c287ab1,JWO,naver_blog_cafe,14,2026-02-15,2026-05-31,5.29543145370663,대책·자산·관리,policy_real_estate_tax,106
SI3_JWO_naver_article_ea0762cd928b,JWO,naver_article,3,2026-03-02,2026-03-24,5.29543145370663,김형남_박주민·김영배_김형남·경선,administrative_performance,23
SI3_OSH_naver_blog_cafe_7a84796032dd,OSH,naver_blog_cafe,4,2026-04-14,2026-05-12,5.282191196759991,부동산·지옥·부동산_지옥,policy_real_estate_tax,29
SI3_OSH_daum_article_4a96078393e6,OSH,daum_article,4,2026-04-10,2026-04-18,5.280659134025546,"국민의힘, 오늘 서울시장 최종 후보자 발표",unknown,9
SI3_JWO_daum_article_ae1dba9953df,JWO,daum_article,3,2026-04-03,2026-04-08,5.276041548692133,TV토론·후보 공방,candidate_selection,6
SI3_JWO_naver_blog_cafe_e2a78360fbc1,JWO,naver_blog_cafe,4,2026-03-24,2026-03-29,5.257529574079927,2026 지방선거,unknown,6
SI3_OSH_naver_blog_cafe_0cf81ed1492a,OSH,naver_blog_cafe,4,2026-03-24,2026-03-29,5.257529574079927,2026 지방선거,unknown,6
SI3_OSH_naver_blog_cafe_68669bb09698,OSH,naver_blog_cafe,4,2026-03-24,2026-03-29,5.257529574079927,2026 지방선거,unknown,6
SI3_JWO_daum_article_d50ff57472c0,JWO,daum_article,4,2026-02-11,2026-02-27,5.256758623339988,"국힘, 연일 '정원오 때리기'…""성동구 쓰레기업체 후원금 받아""",unknown,17
SI3_OSH_naver_article_305947e55420,OSH,naver_article,6,2026-05-21,2026-05-31,5.245262120848451,지지 호소하는 오세훈 후보,unknown,11
SI3_OSH_bigkinds_article_93e2610f8364,OSH,bigkinds_article,3,2026-04-10,2026-04-18,5.231049060186648,TV토론·후보 공방,debate_broadcast,9
SI3_OSH_daum_article_24bf318a4d13,OSH,daum_article,5,2026-03-04,2026-04-03,5.211959690018222,법원 출석하는 오세훈 시장,unknown,31
SI3_OSH_bigkinds_article_c8a68152fc3e,OSH,bigkinds_article,3,2026-04-22,2026-04-28,5.205477991899977,여야·만남·후보인_오른쪽_용산구,candidate_selection,7
SI3_JWO_naver_blog_cafe_f23a0bb669c5,JWO,naver_blog_cafe,13,2026-01-16,2026-03-11,5.166666666666667,"3월 11일 상승률 상위 분석을 통한 장중 특징주 정리(이루온,쏠리드,에치에프알,대한광통신,이노인스트루먼트,기산텔레콤,케이엠더블유,센서뷰,센서뷰,아주IB투자,덕산하이메탈,에이치브이엠 등)",unknown,55
SI3_OSH_naver_blog_cafe_49a4f659001a,OSH,naver_blog_cafe,8,2026-01-29,2026-05-13,5.166666666666666,re·다음·만사혁통,other,105
SI3_OSH_bigkinds_article_a5e264ee3694,OSH,bigkinds_article,3,2026-03-18,2026-05-10,5.166666666666666,취재진·취재진_질문·질문,administrative_performance,54
SI3_OSH_naver_article_bf2138767fd0,OSH,naver_article,3,2026-02-27,2026-03-13,5.089026915173973,지역 방문·현장 행보,regional_visit,15
SI3_OSH_daum_article_101c8dba1e9e,OSH,daum_article,3,2026-03-18,2026-04-22,5.026480513893278,서울시장 여론조사·본선 판세,race_polling,36
SI3_JWO_daum_article_84148ad24c49,JWO,daum_article,3,2026-03-24,2026-04-09,5.026480513893278,최진석_예비후보·선거사무실·선거사무실_하고,debate_broadcast,17
SI3_JWO_naver_blog_cafe_be8080bf1e53,JWO,naver_blog_cafe,15,2026-03-10,2026-05-27,5.0,읽어봅시다·개장전·볼만한,other,79
SI3_JWO_daum_article_0d4ede5a9a49,JWO,daum_article,13,2026-03-25,2026-04-17,5.0,[표]전국 시·도 광역단체장 후보자 현황(4월17일 현재),unknown,24
SI3_JWO_naver_blog_cafe_9b5811fa875c,JWO,naver_blog_cafe,10,2026-01-24,2026-05-11,5.0,어떤·주세요_제목·해당되_구간_있다면,noise_or_nonissue,108
SI3_JWO_naver_blog_cafe_bc6b392705d6,JWO,naver_blog_cafe,10,2026-01-24,2026-05-11,5.0,"21.10%/21,039",unknown,108
SI3_JWO_youtube_a1ab7506f474,JWO,youtube,7,2026-05-21,2026-05-31,5.0,live_서울특별시장·서울특별시장·스마트포용도시,campaign_strategy,11
SI3_JWO_naver_blog_cafe_676e8b3ba58f,JWO,naver_blog_cafe,6,2026-01-07,2026-04-10,5.0,4월10일 주식시장 재료 및 종목,unknown,94
SI3_OSH_bigkinds_article_9e294b466182,OSH,bigkinds_article,5,2026-03-04,2026-04-15,5.0,정치자금법 위반 혐의 공판 출석하는 오세훈 서울시장,unknown,43
SI3_JWO_bigkinds_article_89afe4527762,JWO,bigkinds_article,4,2026-03-31,2026-04-07,5.0,전현희·박주민 “공공이 토지 보유해야..정원오 비현실적”,unknown,8
